Year,Regn,Aslt,Fraud,Drug,Thief,Popln,Incme,StnNo,Police,Float,Unemp,CPI,Aging,Dens,Estab,Multi,Crime_Aslt,Crime_Fraud,Crime_Drug,Crime_Thief,Crime
2023,경기고양,2178,5695,223,2786,1087607,2530948,18,590,1101,3.4,129.2,147.1,4055.964945,76,6717,200.2561587,523.6266409,20.50372975,256.1587044,1000.545234
2023,경기과천,90,259,11,271,81219,3140116,2,179,77,2.7,129.2,96.6,2264.259827,0,258,110.8115096,318.8908999,13.54362895,333.6657679,776.9118064
2023,경기광명,674,1679,42,968,283124,2765984,6,497,294,3.6,129.2,144.4,7350.051921,145,1885,238.058236,593.0263771,14.83448948,341.8996623,1187.818765
2023,경기광주,1071,1988,53,1012,404270,2754320,9,475,447,3.4,129.2,132.7,938.0032019,35,3736,264.9219581,491.7505627,13.11005021,250.3277513,1020.110322
2023,경기구리,400,886,35,538,188634,2379973,5,376,200,2.6,129.2,154.1,5657.888422,184,1013,212.0508498,469.6926323,18.55444936,285.208393,985.5063244
2023,경기군포,460,1394,15,944,267009,2794699,5,409,284,3.5,129.2,161.8,7331.383855,97,2501,172.278837,522.0797801,5.617788164,353.5461351,1053.52254
2023,경기김포,1129,3193,61,1845,508800,2868579,12,552,533,2.3,129.2,93.6,1839.479393,149,4957,221.8946541,627.5550314,11.98899371,362.6179245,1224.056604
2023,경기남양주,1153,4093,88,1607,740780,2410786,17,899,756,2.1,129.2,128.5,1616.999913,108,4337,155.6467507,552.5257161,11.87937039,216.9335025,936.9853398
2023,경기동두천,293,651,24,380,92414,2357635,5,236,94,3.5,129.2,261.7,965.8653846,176,1125,317.051529,704.4387214,25.97009111,411.1931093,1458.653451
2023,경기부천,2003,6018,156,3682,806356,2583073,14,1208,841,4,129.2,175.5,15083.35204,458,11094,248.4014505,746.3204838,19.3462937,456.6221371,1470.690365
2023,경기성남,2114,5460,141,3463,935966,3428890,23,1022,959,3.3,129.2,154.5,6608.529266,285,6282,225.8629053,583.3545236,15.06464978,369.9920724,1194.274151
2023,경기수원,3178,8507,367,4959,1233431,3516402,23,1958,1296,4,129.2,114.2,10185.22709,305,10799,257.6552722,689.7021398,29.75440053,402.0492431,1379.161056
2023,경기시흥,1563,3524,190,1971,556903,3069363,12,786,607,3.9,129.2,84.8,3979.868506,279,9751,280.659289,632.7852427,34.11725202,353.9215986,1301.483382
2023,경기안산,1990,5194,177,2658,681529,3062450,22,1355,770,3.6,129.2,142.6,4355.652841,414,12398,291.9905096,762.1099029,25.97101517,390.0054143,1470.076842
2023,경기안성,464,1168,54,742,202849,3053611,10,350,242,2.4,129.2,190,366.5040562,77,2305,228.7415762,575.7977609,26.62078689,365.789331,1196.949455
2023,경기안양,1109,2582,78,1719,551112,3021486,10,943,576,3,129.2,154.2,9420.717949,343,3222,201.2295141,468.5073089,14.15320298,311.9148195,995.8048455
2023,경기양주,481,1290,59,524,276660,2597912,27,357,266,3.1,129.2,134.3,891.0144928,96,2480,173.8596111,466.2762958,21.32581508,189.4021543,850.8638762
2023,경기여주,196,1420,98,281,118536,2632536,11,286,128,1.8,129.2,262.5,194.8996202,36,1016,165.3506108,1197.948303,82.67530539,237.0587838,1683.033003
2023,경기오산,561,1762,42,990,239159,2677694,4,363,269,3.5,129.2,86.1,5602.225346,129,3621,234.5719793,736.7483557,17.56153856,413.9505517,1402.832425
2023,경기용인,1808,4504,140,2879,1094561,3175426,22,1126,1109,2.8,129.2,119.3,1851.297274,191,6126,165.1803783,411.4891724,12.79051602,263.0278258,852.4878924
2023,경기의왕,215,629,18,237,159932,2893528,4,241,166,2.4,129.2,149.6,2960.059226,16,711,134.4321337,393.2921492,11.25478328,148.1879799,687.167046
2023,경기의정부,1321,3349,155,1477,469936,2231370,7,785,480,2.8,129.2,164.1,5762.550582,238,3060,281.1021075,712.6502332,32.98321474,314.2981172,1341.033673
2023,경기이천,464,1633,52,679,231265,3704026,13,400,259,2.2,129.2,137.4,501.0182196,96,1908,200.6356344,706.11636,22.485028,293.6025771,1222.8396
2023,경기파주,1298,3895,103,1241,511530,2759418,13,615,526,2.5,129.2,116,759.0930001,148,4184,253.7485582,761.4411667,20.13567142,242.6055168,1277.930913
2023,경기평택,1980,5392,184,2941,619844,3334641,16,872,676,2.5,129.2,98.4,1351.659471,647,7655,319.4352127,869.8962965,29.68488846,474.4742225,1693.49062
2023,경기포천,341,966,128,354,157992,2707630,14,382,174,2.3,129.2,293.9,190.9892049,152,2036,215.8337131,611.4233632,81.01676034,224.0619778,1132.335814
2023,경기하남,588,1720,35,943,332359,2666635,6,318,347,2.2,129.2,98.8,3574.521402,57,1725,176.9171288,517.5126896,10.53078147,283.7293409,988.6899407
2023,경기화성,1981,5268,174,2838,989676,3418071,17,945,1085,2.4,129.2,61.3,1412.269361,289,8944,200.1665191,532.2954179,17.58151152,286.7605156,1036.803964
2022,경기고양,2414,5201,119,2484,1088153,2278444,18,581,1117,2.6,124.7,133.4,4058.001119,77,6422,221.8438032,477.9658743,10.93596213,228.2767221,939.0223617
2022,경기과천,95,260,3,212,78329,2826837,2,187,74,3.1,124.7,100.5,2183.691107,0,237,121.283305,331.9332559,3.829999106,270.6532702,727.6998302
2022,경기광명,788,1467,28,932,291160,2490031,6,492,290,4.1,124.7,129.8,7558.67082,152,2019,270.6415716,503.8466822,9.616705591,320.0989147,1104.203874
2022,경기광주,1181,1911,34,978,402764,2479531,9,469,437,3.9,124.7,118.2,934.5089213,35,3598,293.2238234,474.4714026,8.441668074,242.8220993,1018.958993
2022,경기구리,426,749,27,478,190210,2142531,5,371,198,3.5,124.7,138.4,5705.158968,186,979,223.9629883,393.775301,14.19483729,251.3011934,883.23432
2022,경기군포,549,1207,14,753,271745,2515881,5,405,283,3.6,124.7,140.2,7461.422295,98,2447,202.0276362,444.166406,5.151888719,277.0980147,928.4439456
2022,경기김포,1200,1829,62,1461,504107,2582391,12,544,510,2.6,124.7,83.7,1822.512654,137,4738,238.0447008,362.8197982,12.29897621,289.8194233,902.9828985
2022,경기남양주,1241,2967,92,1420,745116,2170270,17,888,711,3.2,124.7,114.4,1626.464682,107,4191,166.5512484,398.193033,12.34707079,190.5743535,767.6657057
2022,경기동두천,276,595,18,345,95100,2122422,5,232,94,3.7,124.7,222.4,993.9381271,174,1087,290.2208202,625.6572029,18.92744479,362.7760252,1297.581493
2022,경기부천,2438,5611,89,3423,814315,2325369,14,1539,858,3.7,124.7,155.6,15232.2297,467,10611,299.3927411,689.045394,10.92943149,420.3533031,1419.72087
2022,경기성남,2194,4169,73,3050,936989,3086802,23,1012,977,3,124.7,141.9,6615.752312,309,6120,234.1542964,444.935853,7.790913234,325.5107584,1012.391821
2022,경기수원,3309,6593,211,4704,1225058,3165583,23,1930,1309,2.6,124.7,102.7,10116.08588,309,10332,270.1096601,538.1786005,17.22367431,383.9818196,1209.493755
2022,경기시흥,1425,3101,99,1861,546051,2763143,12,776,602,4.6,124.7,75.8,3902.315443,281,9216,260.9646352,567.8956727,18.13017465,340.8106569,1187.801139
2022,경기안산,2251,4079,144,2862,690777,2756920,22,1341,777,4.6,124.7,124.1,4414.756822,415,12136,325.8649318,590.4944722,20.84609071,414.3160528,1351.521547
2022,경기안성,587,1002,42,629,200932,2748963,10,346,237,2.6,124.7,171,363.0404539,76,2226,292.138634,498.6761691,20.90259391,313.0412279,1124.758625
2022,경기안양,1180,2320,64,1593,554347,2720043,10,934,562,3.5,124.7,138.9,9476.017094,355,3130,212.8630623,418.5104276,11.54511524,287.3651341,930.2837392
2022,경기양주,550,1245,35,423,250920,2338727,27,351,237,3.1,124.7,136.1,808.115942,88,2178,219.1933684,496.1740794,13.9486689,168.579627,897.8957437
2022,경기여주,245,739,36,308,116652,2369897,11,283,127,1.5,124.7,241.4,191.801904,40,962,210.0264033,633.5082125,30.86102253,264.0331927,1138.428831
2022,경기오산,633,1377,31,875,238418,2410549,4,359,261,4,124.7,76.4,5584.867651,130,3432,265.5000881,577.5570636,13.00237398,367.0024914,1223.062017
2022,경기용인,1916,3973,106,2724,1092294,2858625,22,1113,1087,3.1,124.7,107.2,1847.462959,196,5951,175.4106495,363.7299115,9.704346998,249.3834078,798.2283158
2022,경기의왕,179,580,21,219,161204,2604850,4,238,163,3.2,124.7,135,2983.601703,16,683,111.0394283,359.792561,13.02697204,135.8527084,619.7116697
2022,경기의정부,1367,3155,100,1234,468659,2008754,7,774,463,2.8,124.7,151.2,5746.891478,244,2936,291.6832921,673.1973567,21.33747565,263.3044495,1249.522574
2022,경기이천,624,1267,49,739,230134,3334488,13,396,269,1.4,124.7,123,498.5679932,94,1809,271.1463756,550.5488107,21.29194295,321.1172621,1164.104391
2022,경기파주,1249,3184,58,1207,507448,2484120,13,607,504,2.5,124.7,105.3,753.0354519,145,3944,246.133594,627.4534534,11.42974255,237.8568839,1122.873674
2022,경기평택,1912,4368,127,2344,603780,3001955,16,861,647,2.8,124.7,91.8,1316.629596,650,7179,316.6716354,723.4423134,21.03415151,388.2208752,1449.368975
2022,경기포천,346,901,81,418,160066,2437499,14,378,178,2.5,124.7,248.1,193.4963674,152,1983,216.1608337,562.8928067,50.6041258,261.1422788,1090.800045
2022,경기하남,566,1501,42,786,328393,2400594,6,313,341,2,124.7,91,3531.867068,57,1669,172.3544655,457.0742982,12.78955398,239.3473673,881.565685
2022,경기화성,2153,3670,147,2512,949187,3077062,17,931,1026,2,124.7,56.1,1354.491488,284,8289,226.825694,386.6466776,15.48693777,264.6475352,893.6068446
2021,경기고양,2171,5681,93,2090,1090339,2217485,18,575,1070,3.5,118.7,121.2,4066.153272,80,6116,199.1123861,521.0306152,8.529457352,191.6835039,920.3559627
2021,경기과천,63,234,2,120,73528,2751206,2,188,62,3.2,118.7,104.7,2049.846669,0,195,85.68164509,318.2461103,2.720052225,163.2031335,569.8509411
2021,경기광명,775,1389,25,938,296471,2423411,6,494,289,4.3,118.7,116.9,7696.547248,159,2065,261.4083671,468.5112541,8.432527971,316.3884495,1054.740599
2021,경기광주,1113,1713,42,945,398225,2413192,9,459,412,3.9,118.7,107.5,923.9773545,35,3458,279.4902379,430.1588298,10.54680143,237.3030322,957.4989014
2021,경기구리,362,869,18,482,193351,2085208,5,368,194,4.5,118.7,122.9,5799.370126,193,952,187.2242709,449.4416889,9.309494132,249.2875651,895.2630191
2021,경기군포,500,1135,20,663,274100,2448569,5,405,277,4,118.7,124.2,7526.084569,98,2385,182.4151769,414.0824517,7.296607078,241.8825246,845.6767603
2021,경기김포,1177,2363,84,1392,504267,2513299,12,531,487,2.9,118.7,74.9,1823.091106,135,4466,233.4080953,468.6009594,16.65784198,276.0442385,994.7111352
2021,경기남양주,1140,3149,41,1288,740856,2112205,17,870,668,3.7,118.7,104.4,1617.165808,108,4020,153.8760569,425.0488624,5.534138888,173.8529485,758.3120067
2021,경기동두천,230,539,28,251,96860,2065637,5,230,91,4.7,118.7,204.8,1012.332776,170,1048,237.4561222,556.4732604,28.90770184,259.1368986,1081.973983
2021,경기부천,2322,5703,140,3030,829846,2263154,14,1187,850,3.9,118.7,138.2,15522.74598,479,10267,279.8109529,687.235945,16.87060009,365.1279876,1349.045486
2021,경기성남,1899,4463,109,2697,945037,3004215,23,1011,956,4.1,118.7,129.3,6672.576432,318,5912,200.9445133,472.2566418,11.53393994,285.3856516,970.1207466
2021,경기수원,2908,6125,194,4201,1216965,3080888,23,1920,1241,3.4,118.7,93.4,10049.25681,341,9934,238.9551055,503.3012453,15.94129659,345.2030256,1103.400673
2021,경기시흥,1413,3691,111,1854,543553,2689216,12,764,571,5.3,118.7,68.9,3884.46366,285,8779,259.9562508,679.050617,20.42119168,341.0890934,1300.517153
2021,경기안산,2216,4303,102,2638,700138,2683159,22,1334,739,5,118.7,109.2,4474.582987,420,11971,316.5090311,614.5931231,14.56855648,376.7828628,1322.453573
2021,경기안성,545,896,39,709,200408,2675415,10,345,230,2.9,118.7,156.3,362.0936997,80,2101,271.9452317,447.0879406,19.46030099,353.7782923,1092.271766
2021,경기안양,1182,2404,59,1461,553249,2647269,10,934,553,4.4,118.7,127.6,9457.247863,365,2981,213.6470197,434.524057,10.66427594,264.0763924,922.911745
2021,경기양주,496,1012,38,515,243071,2276155,27,342,229,3.3,118.7,126.4,782.8373591,86,2058,204.0556052,416.3392589,15.63329233,211.8722513,847.9004077
2021,경기여주,224,678,52,318,115317,2306491,11,283,125,1.5,118.7,221.4,189.6068663,39,923,194.2471622,587.9445355,45.09309122,275.7615963,1103.046385
2021,경기오산,652,1330,45,903,238579,2346056,4,354,253,4.8,118.7,67.9,5588.639026,130,3333,273.2847401,557.4673379,18.86167684,378.490982,1228.104737
2021,경기용인,1406,3852,74,2242,1093665,2782143,22,1106,1036,3.7,118.7,97.6,1849.781814,199,5627,128.5585623,352.2102289,6.766240119,204.9987885,692.5338198
2021,경기의왕,198,554,9,172,164363,2535158,4,236,164,3.6,118.7,122,3042.069221,16,678,120.4650682,337.0588271,5.475684917,104.6464229,567.6460031
2021,경기의정부,1529,2989,93,1183,468339,1955010,7,767,444,4.7,118.7,138.4,5742.967505,251,2850,326.4729181,638.2129184,19.85741098,252.5948085,1237.138056
2021,경기이천,663,1574,49,600,229854,3245274,13,392,264,2.5,118.7,111.8,497.9613943,94,1753,288.4439688,684.7825141,21.31788005,261.0352659,1255.579629
2021,경기파주,919,2319,30,1093,493503,2417658,13,597,474,3,118.7,98.5,732.3415496,140,3660,186.2197393,469.905958,6.078990401,221.4778836,883.6825713
2021,경기평택,1643,4547,159,1987,588046,2921638,16,859,581,3.4,118.7,87.5,1282.319334,645,6771,279.3999109,773.2388283,27.03870105,337.8987358,1417.576176
2021,경기포천,317,823,57,333,160209,2372284,14,375,173,3.1,118.7,223,193.6692335,154,1898,197.8665368,513.7039742,35.57852555,207.8534914,955.0025279
2021,경기하남,555,1204,19,721,322271,2336367,6,301,315,2.7,118.7,86.5,3466.024952,51,1598,172.2153095,373.5986173,5.895659243,223.7247534,775.4343394
2021,경기화성,1968,3633,112,2040,922092,2994736,17,910,964,3.4,118.7,51,1315.826876,276,7832,213.4277274,393.9953931,12.14629343,221.2360589,840.8054728
2020,경기고양,2432,5990,100,2174,1090738,2106005,18,569,1014,3.4,115.8,111.5,4067.641246,84,5776,222.9683022,549.1694614,9.168104531,199.3145925,980.6204606
2020,경기과천,75,224,4,127,63397,2612894,2,189,50,3.4,115.8,108.7,1767.410092,1,166,118.3021279,353.3290219,6.309446819,200.3249365,678.2655331
2020,경기광명,915,1540,29,1093,303068,2301578,6,493,302,4.6,115.8,107,7867.80893,176,2152,301.9124421,508.1367878,9.56880964,360.6451357,1180.263175
2020,경기광주,1051,2243,42,808,393954,2291873,9,457,392,4.3,115.8,96.8,914.0676118,35,3212,266.7824162,569.3558131,10.66114318,205.1000878,1051.89946
2020,경기구리,638,1075,20,618,198856,1980378,5,377,190,5.1,115.8,111.3,5964.487103,193,935,320.8351772,540.5921873,10.05752907,310.7776481,1182.262542
2020,경기군포,571,1154,13,713,280039,2325472,5,406,269,4.7,115.8,109,7689.154311,101,2318,203.900171,412.0854595,4.642210549,254.607394,875.2352351
2020,경기김포,969,2862,43,1186,492766,2386948,12,523,443,4.2,115.8,70.6,1781.511208,128,4077,196.6450607,580.8030587,8.726251405,240.6821899,1026.856561
2020,경기남양주,1157,3262,60,1353,720462,2006018,17,854,621,4.9,115.8,96.3,1572.649088,111,3750,160.5913983,452.7650313,8.32798954,187.7961641,809.4805833
2020,경기동두천,313,692,19,266,97687,1961791,5,231,85,4.9,115.8,188.8,1020.976171,172,1023,320.411109,708.3849437,19.44987562,272.2982587,1320.544187
2020,경기부천,2728,6570,103,3550,842788,2149378,14,1534,848,4.7,115.8,123.2,15764.83352,487,9570,323.6875703,779.5554754,12.22134155,421.2209951,1536.685382
2020,경기성남,2199,6094,74,3021,955248,2853184,23,1032,925,4.6,115.8,119.8,6744.672739,329,5877,230.2019999,637.9495168,7.746679396,316.2529521,1192.151148
2020,경기수원,3977,8543,176,4868,1221913,2926002,23,1921,1218,3.9,115.8,84.7,10090.11561,361,9520,325.4732538,699.1496121,14.40364412,398.3917022,1437.418212
2020,경기시흥,1517,3763,127,1778,533305,2554020,12,763,541,5.6,115.8,63.3,3811.227042,286,8142,284.4526115,705.599985,23.81376511,333.3927115,1347.259073
2020,경기안산,2726,5462,151,3007,706185,2548268,22,1336,712,5.5,115.8,98,4513.229373,421,11392,386.0178282,773.4517159,21.38249892,425.809101,1606.661144
2020,경기안성,665,977,43,789,198234,2540914,10,344,225,3.2,115.8,143.6,358.1657542,82,1953,335.4621306,492.8518821,21.69153627,398.0144678,1248.020017
2020,경기안양,1423,2795,110,1822,556570,2514182,10,925,538,4.6,115.8,117.2,9514.017094,377,2876,255.6731408,502.1830138,19.7639111,327.3622366,1104.982302
2020,경기양주,695,1143,74,503,237370,2161725,27,345,210,4.7,115.8,117.3,764.4766506,86,1923,292.791844,481.5267304,31.17495892,211.905464,1017.398997
2020,경기여주,325,637,24,395,115358,2190536,11,283,119,1.9,115.8,202.7,189.6742794,40,860,281.7316528,552.1940394,20.80479897,342.4123164,1197.142808
2020,경기오산,686,1495,40,890,238956,2228112,4,352,242,5.5,115.8,59.9,5597.470134,133,3130,287.0821406,625.6381928,16.73948342,372.4535061,1301.913323
2020,경기용인,1777,4504,83,2587,1090907,2642276,22,1094,991,3.9,115.8,89.5,1845.117042,199,5312,162.8919789,412.867458,7.608347916,237.1421212,820.509906
2020,경기의왕,243,661,11,238,164857,2407708,4,235,158,4.1,115.8,110.8,3051.212289,16,666,147.4004744,400.9535537,6.672449456,144.3675428,699.3940203
2020,경기의정부,1952,2961,108,1507,466455,1856726,7,767,423,4.3,115.8,128.5,5719.865113,260,2671,418.4755228,634.7879217,23.15335884,323.0751091,1399.491912
2020,경기이천,712,1379,47,775,225418,3082124,13,391,246,2.8,115.8,102.9,488.3511341,99,1582,315.8576511,611.7523889,20.85015394,343.8057298,1292.265924
2020,경기파주,1065,2809,92,987,476272,2296115,13,598,445,3.1,115.8,92.4,706.7713357,142,3394,223.6117177,589.7890281,19.31669298,207.2345214,1039.95196
2020,경기평택,2166,5324,119,2058,560475,2774758,16,849,540,3.6,115.8,84.1,1222.196781,660,6068,386.4579152,949.9085597,21.23199072,367.1885454,1724.787011
2020,경기포천,439,995,87,414,159389,2253022,14,377,164,3.5,115.8,200.4,192.6779735,153,1800,275.426786,624.2588886,54.58344051,259.7418893,1214.011005
2020,경기하남,657,1472,11,823,295620,2218910,6,296,292,2.3,115.8,84.7,3179.393418,49,1417,222.2447737,497.9365402,3.720993167,278.3979433,1002.30025
2020,경기화성,2124,4281,120,1898,892884,2844181,17,900,907,3.8,115.8,46.8,1274.14701,280,7254,237.8808445,479.4575779,13.43959574,212.5696059,943.3476241
2019,경기고양,2808,5489,114,2399,1078859,2054401,18,560,1000,3.6,115.2,101.7,4023.341413,91,5360,260.2749757,508.7782555,10.5667191,222.3645537,1001.984504
2019,경기과천,123,228,4,190,58462,2548870,2,188,48,3.1,115.2,108.2,1629.829941,2,157,210.3930758,389.9969211,6.842051247,324.9974342,932.2294824
2019,경기광명,998,1504,29,1061,322494,2245182,6,494,319,4.9,115.2,98.2,8372.11838,184,2402,309.4631218,466.3652657,8.992415363,328.998369,1113.819172
2019,경기광주,1044,1669,36,764,385640,2235715,9,447,384,4.2,115.2,87.3,894.777141,35,3010,270.7188051,432.7870553,9.33513121,198.112229,910.9532206
2019,경기구리,944,1125,13,831,200755,1931853,5,373,194,4.2,115.2,99.4,6021.445711,195,926,470.224901,560.3845483,6.475554781,413.9373864,1451.02239
2019,경기군포,708,1180,15,654,282862,2268491,5,402,281,4,115.2,96.2,7766.666667,102,2290,250.2987322,417.1645537,5.302939242,231.208151,903.9743762
2019,경기김포,1077,2381,26,977,457556,2328460,12,508,438,4,115.2,67.8,1654.215474,111,3630,235.3810244,520.3734625,5.682364563,213.5257761,974.9626275
2019,경기남양주,1440,3030,44,1504,709307,1956864,17,747,621,4.2,115.2,88.2,1548.299572,110,3491,203.0150555,427.1775127,6.203237808,212.0379469,848.4337529
2019,경기동두천,349,698,22,352,98245,1913721,5,227,89,5.2,115.2,167.4,1026.80811,181,1002,355.2343631,710.4687261,22.3929971,358.2879536,1446.38404
2019,경기부천,2944,6182,76,3706,855685,2096711,14,1516,878,4.4,115.2,108.6,16006.07931,494,9057,344.0518415,722.462121,8.881773082,433.1033032,1508.499039
2019,경기성남,2765,5429,247,3250,960342,2783272,23,1031,941,4.8,115.2,111.2,6780.639695,331,5866,287.9182625,565.3194383,25.72000392,338.4211041,1217.378809
2019,경기수원,4643,8195,137,5180,1235022,2854306,23,1878,1253,4.1,115.2,75.9,10198.36499,377,9482,375.94472,663.5509327,11.0929198,419.4257268,1470.014299
2019,경기시흥,1844,2727,94,1769,508379,2491439,12,760,536,4.7,115.2,58.6,3633.095119,288,7873,362.7215129,536.4108274,18.4901422,347.9687399,1265.591222
2019,경기안산,2917,4367,111,2971,707385,2485827,22,1321,751,5.1,115.2,88,4520.898575,431,11284,412.3638471,617.3441619,15.69159651,419.9975968,1465.397202
2019,경기안성,681,940,42,651,195207,2478653,10,338,225,3,115.2,130.4,352.6966231,83,1840,348.8604405,481.5401087,21.51562188,333.4921391,1185.40831
2019,경기안양,1792,2785,82,1745,574464,2452577,10,924,570,5,115.2,105.3,9819.897436,384,2885,311.942959,484.7997438,14.27417558,303.7614193,1114.778298
2019,경기양주,671,911,24,465,229778,2108756,27,335,214,4.4,115.2,109.5,740.0257649,85,1786,292.0209942,396.4696359,10.44486417,202.3692434,901.3047376
2019,경기여주,324,603,38,420,114659,2136861,11,275,115,1.8,115.2,183.9,188.5249675,41,810,282.5770328,525.9072554,33.14175076,366.303561,1207.9296
2019,경기오산,955,949,31,927,236075,2173516,4,344,238,4.6,115.2,53.7,5529.983603,135,2939,404.5324579,401.9908927,13.1314201,392.6718204,1212.326591
2019,경기용인,2022,4007,59,2345,1078591,2577532,22,1062,994,4.1,115.2,82.2,1824.286246,198,5018,187.466797,371.5031926,5.470099417,217.4132734,781.8533624
2019,경기의왕,269,620,17,277,162344,2348711,4,233,155,4.5,115.2,106,3004.701092,16,633,165.6975312,381.9050904,10.47159119,170.6253388,728.6995516
2019,경기의정부,2227,2549,123,1604,456776,1811230,7,761,430,4.5,115.2,118,5601.177192,265,2433,487.5475069,558.0415784,26.92785961,351.1568033,1423.673748
2019,경기이천,861,1297,28,829,223349,3006602,13,380,245,2.7,115.2,93.7,483.8688013,107,1509,385.4953458,580.7055326,12.53643401,371.1679927,1349.905305
2019,경기파주,986,2707,32,939,465612,2239853,13,587,453,2.4,115.2,86.5,690.9522608,138,3172,211.7643016,581.3853595,6.872675103,201.67006,1001.692396
2019,경기평택,2356,4009,84,2185,537135,2706768,16,829,533,3.6,115.2,80.9,1171.300536,660,5539,438.6234373,746.3673006,15.63852663,406.7878652,1607.41713
2019,경기포천,501,1121,105,523,161643,2197816,14,370,174,2.6,115.2,177.7,195.4027296,155,1748,309.9422802,693.5035851,64.95796292,323.5525201,1391.956348
2019,경기하남,581,1016,24,737,274734,2164540,6,283,269,2.9,115.2,78.9,2954.764465,46,1265,211.4772835,369.8122548,8.735722553,268.2594801,858.2847409
2019,경기화성,2465,3494,124,2151,855949,2774490,17,869,875,3.1,115.2,43.8,1221.440701,276,6661,287.9844477,408.2018905,14.48684443,251.300019,961.9732017
2023,서울종로구,905,2032,100,1173,150453,3854183,20,599,145,3.4,129.2,280.8,6292.471769,188,1208,601.5167527,1350.587891,66.46593953,779.6454707,2798.216054
2023,서울중구,1001,2094,73,1523,131793,3999089,15,514,138,3.1,129.2,302.1,13232.22892,218,1365,759.5244057,1588.85525,55.38989172,1155.60007,3559.369618
2023,서울용산구,1018,1643,200,971,227106,3254123,7,842,242,3.5,129.2,231.5,10384.36214,23,2256,448.2488353,723.4507235,88.06460419,427.5536534,1687.317816
2023,서울성동구,548,1829,95,891,284766,3173520,9,639,295,3.1,129.2,199,16930.20214,22,2120,192.4387041,642.2817331,33.36072424,312.8884769,1180.969638
2023,서울광진구,842,2075,100,1619,351180,2559723,10,759,380,3.7,129.2,218.3,20584.99414,13,2745,239.7630845,590.8650834,28.47542571,461.0171422,1320.120736
2023,서울동대문구,839,2074,102,1278,359873,2606439,11,828,342,3.9,129.2,231.3,25307.52461,62,2562,233.1378014,576.314422,28.34333223,355.1252803,1192.920836
2023,서울중랑구,913,2003,86,1400,387470,2300409,8,781,412,3.3,129.2,257.9,20944.32432,17,2687,235.6311456,516.9432472,22.19526673,361.3182956,1136.087955
2023,서울성북구,731,2209,78,982,438168,2335893,10,517,432,3.4,129.2,199.4,17826.20016,8,2428,166.8309872,504.144529,17.80139125,224.1149513,912.8918588
2023,서울강북구,817,1739,93,917,292977,2120878,9,689,292,3.8,129.2,333.6,12414.27966,68,2117,278.8614806,593.561952,31.74310611,312.9938528,1217.160391
2023,서울도봉구,467,1291,68,997,309494,2152354,8,573,309,3.9,129.2,287.6,14987.60291,21,1683,150.8914551,417.1324808,21.97134678,322.1387167,912.1339994
2023,서울노원구,1076,2025,92,1629,502925,2284387,8,826,499,3.5,129.2,200.8,14190.886,21,2125,213.9484018,402.6445295,18.29298603,323.9051548,958.7910722
2023,서울은평구,920,2478,59,1612,470869,2225296,9,475,474,4.2,129.2,228.8,15848.83877,79,3020,195.3834294,526.2610195,12.53002427,342.345748,1076.520221
2023,서울서대문구,495,1518,52,1190,320629,2932097,8,674,326,3.9,129.2,205.1,18186.55701,28,2134,154.3840389,473.4443859,16.21812126,371.1454672,1015.192013
2023,서울마포구,1157,1801,273,1479,375162,3146210,8,918,408,4.2,129.2,175.5,15730.06289,47,2375,308.4001045,480.0592811,72.76856398,394.2296928,1255.457642
2023,서울양천구,790,1647,50,1411,439252,2515550,9,758,435,3,129.2,158,25229.86789,4,2681,179.8512016,374.9556063,11.38298744,321.2279056,887.417701
2023,서울강서구,1278,2886,135,1790,568826,3208656,19,971,608,2.9,129.2,199.1,13723.18456,133,3976,224.6732744,507.3607746,23.73309237,314.6832247,1070.450366
2023,서울구로구,1092,2087,155,1627,415651,3009292,8,779,459,3.4,129.2,217.8,20658.59841,32,7935,262.7204073,502.1039285,37.2909003,391.4341599,1193.549396
2023,서울금천구,606,1846,61,980,241105,3265322,5,595,282,3.7,129.2,279.2,18518.04916,44,4819,251.342776,765.6415255,25.30018042,406.4619149,1448.746397
2023,서울영등포구,1247,3021,151,1856,397800,4078162,10,1014,469,2.9,129.2,200.1,16203.66599,136,6545,313.4741076,759.4268477,37.95877325,466.5661136,1577.425842
2023,서울동작구,683,1712,64,1191,389714,2687664,7,688,417,4.6,129.2,219.3,23835.71865,46,2618,175.2567267,439.2965097,16.42229943,305.6087285,936.5842644
2023,서울관악구,1341,4204,175,2005,497883,2337132,9,949,549,5,129.2,310.8,16837.43659,198,4526,269.3403872,844.3750841,35.1488201,402.7050532,1551.569345
2023,서울서초구,1249,4066,252,1941,412078,3856515,11,786,397,2.6,129.2,136.8,8773.216947,44,2112,303.0979572,986.7064002,61.15347094,471.0273298,1821.985158
2023,서울강남구,2065,8077,972,2480,550282,3535614,14,944,510,3.4,129.2,142.6,13931.18987,178,2543,375.2621383,1467.792877,176.6367063,450.678016,2470.369738
2023,서울송파구,1431,3757,160,2419,660025,3182078,11,1095,685,3.5,129.2,153.7,19481.25738,90,3288,216.8099693,569.2208628,24.241506,366.5012689,1176.773607
2023,서울강동구,893,2129,76,1676,463318,2958123,9,785,487,2.7,129.2,166.9,18841.72428,109,2646,192.7401914,459.5116097,16.40342054,361.7385899,1030.393812
2023,부산중구,388,750,42,656,41153,2984769,5,321,44,4.7,129.2,740.5,13537.17105,248,275,942.8231235,1822.467378,102.0581732,1594.051466,4461.400141
2023,부산서구,217,842,55,714,106708,2413469,4,348,99,4.7,129.2,351.1,7643.839542,49,561,203.3586985,789.0692357,51.54252727,669.1157177,1713.086179
2023,부산동구,387,920,77,555,90190,2775047,5,396,88,3.9,129.2,408,8912.055336,206,644,429.0941346,1020.068744,85.37531877,615.3675574,2149.905755
2023,부산영도구,302,671,44,468,109151,2728874,4,358,98,4.3,129.2,442.6,7686.690141,140,663,276.6809283,614.7447115,40.31112862,428.7638226,1360.500591
2023,부산부산진구,1459,3835,252,2592,362505,2491447,10,853,367,4.2,129.2,254.3,12217.89687,384,1595,402.4772072,1057.916443,69.51628253,715.0246204,2244.934553
2023,부산동래구,579,1641,195,1330,272178,2335397,6,536,255,3.9,129.2,186.2,16366.68671,212,833,212.7284351,602.9142693,71.6442916,488.6508094,1375.937805
2023,부산남구,459,2396,146,684,260899,2872579,7,735,243,3.1,129.2,236.5,9727.777778,41,1132,175.9301492,918.3630447,55.96035247,262.1704184,1412.423965
2023,부산북구,453,1600,72,1011,275773,2122998,5,471,267,4.8,129.2,222.4,7004.648209,142,1303,164.2655372,580.187328,26.10842976,366.6058679,1137.167163
2023,부산강서구,258,1486,39,476,148540,3394448,19,345,156,3.8,129.2,70.3,815.4369785,32,1718,173.6905884,1000.403932,26.25555406,320.4524034,1520.802477
2023,부산해운대구,669,3083,165,1534,385618,2497822,9,729,353,4.5,129.2,196.4,7484.821429,190,1926,173.4877521,799.4958742,42.78845904,397.8030071,1413.575092
2023,부산사하구,617,2122,108,940,302947,2526425,6,587,302,4.7,129.2,254.8,7249.27016,217,986,203.6659878,700.4525544,35.64980013,310.2852974,1250.05364
2023,부산금정구,391,2352,56,880,220286,2416240,5,513,210,3.5,129.2,314.3,3374.479167,83,773,177.4965272,1067.702895,25.42149751,399.4806751,1670.101595
2023,부산연제구,655,2266,112,930,206853,2390537,4,554,204,4.4,129.2,232.3,17081.17258,182,726,316.6499882,1095.463928,54.1447308,449.5946397,1915.853287
2023,부산수영구,448,861,70,667,176486,2273290,4,554,169,4.7,129.2,298.4,17268.68885,62,838,253.8444976,487.8573938,39.66320275,377.9336605,1159.298755
2023,부산사상구,508,2260,88,951,208794,2735059,6,513,211,4.6,129.2,283.4,5783.767313,136,1733,243.3020106,1082.406583,42.14680498,455.4728584,1823.328257
2023,부산기장군,380,1540,68,661,181475,2722187,5,343,170,4.4,129.2,122.7,831.1578272,56,1026,209.3952335,848.6017358,37.470726,364.2374983,1459.705194
2023,대구중구,637,1174,51,1236,81015,2466606,4,413,86,3.1,129.2,173.5,11475.21246,91,334,786.2741468,1449.114362,62.95130531,1525.643399,3823.983213
2023,대구동구,828,2333,71,1505,339236,2646865,8,631,321,2.9,129.2,215.9,1862.808193,202,1645,244.0778691,687.721822,20.92938249,443.6439529,1396.373026
2023,대구서구,516,1343,37,866,159420,2453378,5,451,156,3.9,129.2,404.1,9204.387991,144,1386,323.6733158,842.4288044,23.20913311,543.2191695,1732.530423
2023,대구남구,410,901,44,656,141547,2210607,5,386,137,2.8,129.2,395.3,8120.883534,90,679,289.6564392,636.5376871,31.08508128,463.4503027,1420.72951
2023,대구북구,834,2497,53,1638,430056,2480583,8,425,437,3.2,129.2,163,4577.011494,191,2098,193.9282326,580.6220585,12.32397641,380.8806295,1167.754897
2023,대구수성,837,2506,89,1138,411330,2403587,7,655,357,3,129.2,155.5,5374.052783,165,1087,203.4862519,609.2431867,21.63712834,276.6635062,1111.030073
2023,대구달서,1059,3974,161,2064,537140,2698740,13,455,547,2.6,129.2,166.9,8612.153279,295,2930,197.155304,739.8443609,29.97356369,384.2573631,1351.230592
2023,대구달성,403,1120,54,715,263136,2969424,11,398,278,2.1,129.2,101.6,614.2727082,67,2121,153.1527423,425.6354129,20.52170741,271.7226073,871.0324699
2023,대구군위,9,35,11,16,23515,2345918,4,381,31,1,129.2,1040.9,38.27684995,7,173,38.27344248,148.8411652,46.77865192,68.04167553,301.9349351
2023,인천중구,501,1348,94,677,132114,3034563,7,567,173,3.3,129.2,124.4,941.1169682,86,1944,379.2179481,1020.330926,71.1506729,512.4362293,1983.135777
2023,인천동구,139,185,11,179,62105,3344204,3,,62,5.4,129.2,297.3,8566.206897,4,594,223.8145077,297.8826181,17.71193946,288.2215603,827.6306256
2023,인천미추홀구,1253,3570,257,1644,425441,2289620,7,770,445,4.4,129.2,205.9,17127.25443,254,4431,294.5179238,839.12928,60.40790615,386.4225592,1580.477669
2023,인천연수구,791,2638,98,1241,380792,2902341,6,508,411,4.3,129.2,84.6,6498.156997,80,2785,207.7249522,692.7666548,25.73583479,325.8997038,1252.127146
2023,인천남동구,1087,3703,202,1402,554960,2770918,10,554,522,4.6,129.2,161.5,9569.925849,196,4883,195.8699726,667.2552977,36.39901975,252.6308202,1152.15511
2023,인천부평구,1509,3283,144,2207,499587,2689417,11,486,527,5.4,129.2,186.3,15612.09375,178,7234,302.0494929,657.1428,28.82380847,441.7648978,1429.780999
2023,인천계양구,644,1991,42,735,297960,2231448,5,488,309,4.6,129.2,192.4,6539.947322,94,2239,216.1363941,668.2104981,14.09585179,246.6774064,1145.12015
2023,인천서구,1286,3639,123,1297,602615,2722104,8,746,668,4.7,129.2,88,5061.43961,80,5760,213.4032508,603.8681414,20.41104188,215.2286286,1052.911063
2023,인천강화,114,305,18,173,65757,2312403,13,221,78,1,129.2,522.2,159.8410268,21,434,173.3655732,463.828946,27.37351157,263.0898612,927.6578919
2023,인천옹진,34,93,19,25,20991,2229989,6,,22,1.7,129.2,520,121.3563046,24,102,161.9741794,443.0470202,90.51498261,119.0986613,814.6348435
2023,광주동구,406,854,35,667,108893,2878586,5,378,115,3.7,129.2,224.1,2207.887267,76,454,372.8430661,784.2561046,32.14164363,612.5278944,1801.768709
2023,광주서구,982,2426,88,1171,286316,3062276,7,572,301,2.3,129.2,158.6,5998.659124,234,1196,342.977689,847.3155534,30.73527152,408.9886699,1630.017184
2023,광주남구,425,1125,70,708,211227,2554686,6,374,219,3.2,129.2,165.8,3465.009843,10,959,201.2053383,532.6023662,33.13970278,335.1844224,1102.13183
2023,광주북구,797,2450,85,1747,426867,2722944,9,707,442,2.6,129.2,155.2,3549.534342,101,2341,186.7092092,573.9492629,19.91252545,409.2609642,1189.831962
2023,광주광산구,900,2884,120,1714,411282,3094910,13,618,444,3,129.2,81,1846.881315,185,3750,218.8279575,701.2220326,29.17706099,416.7456879,1365.972739
2023,대전동구,792,2042,36,1161,217628,2974035,6,447,227,2.8,129.2,228,1592.011704,16,1649,363.9237598,938.2983807,16.54198908,533.4791479,1852.243278
2023,대전중구,776,1872,46,1059,223256,2473260,6,462,231,3.2,129.2,239.9,3589.901913,63,1337,347.5830437,838.4993013,20.6041495,474.3433547,1681.029849
2023,대전서구,1330,4174,87,1954,464634,2630957,8,395,508,2.4,129.2,132.9,4864.258794,18,2200,286.2468093,898.3414903,18.72441535,420.5460642,1623.858779
2023,대전유성구,852,2819,37,1254,366845,3454253,7,481,410,2.2,129.2,83.2,2077.029781,73,1804,232.2506781,768.4444384,10.08600363,341.8337445,1352.614865
2023,대전대덕구,427,1159,28,542,169853,3550216,4,340,186,2.8,129.2,207.8,2471.667637,53,1376,251.3938523,682.354742,16.48484278,319.0994566,1269.332894
2023,울산중구,402,1500,57,589,208668,2767272,5,398,198,3.9,129.2,170,5639.675676,112,1306,192.6505262,718.845247,27.31611939,282.266567,1221.07846
2023,울산남구,887,2876,115,1021,307232,2922261,6,638,326,3.6,129.2,140.8,4147.300216,511,1720,288.7069055,936.1004062,37.43099677,332.3221539,1594.560462
2023,울산동구,364,1087,145,478,152287,3632110,4,327,152,3.9,129.2,122.6,4221.985029,174,1237,239.0223722,713.7838424,95.21495597,313.8810273,1361.902198
2023,울산북구,374,1043,25,561,216477,2918802,6,333,216,3.7,129.2,67.7,1375.679969,51,1449,172.7666219,481.8063813,11.54857098,259.1499328,925.2715069
2023,울산울주,376,1399,27,615,218997,3094312,10,393,230,4.1,129.2,162.2,288.7694823,178,1913,171.6918497,638.8215364,12.32893601,280.8257647,1103.668087
2023,세종,405,1949,54,1280,386525,3191636,11,442,,,129.2,57.7,831.2365591,,1991,104.7797684,504.2364659,13.97063579,331.1558114,954.1426816
2023,강원강릉,512,1426,36,753,209439,2350665,7,418,235,1.6,129.2,258.8,201.2230624,213,1187,244.4625882,680.8665053,17.18877573,359.5318923,1302.049762
2023,강원동해,250,311,18,244,88625,2354587,4,233,91,0.7,129.2,216.3,491.4328491,124,509,282.0874471,350.9167842,20.31029619,275.3173484,928.6318759
2023,강원삼척,141,393,19,189,62651,2674450,8,222,71,1,129.2,325.6,52.74319148,86,437,225.0562641,627.2844807,30.32673062,301.6711625,1184.338638
2023,강원속초,284,751,12,338,82054,2245822,2,305,84,1.6,129.2,214.9,775.9243499,80,552,346.113535,915.2509323,14.62451556,411.923855,1687.912838
2023,강원원주,614,2710,111,977,361503,2891828,10,590,387,3,129.2,149.5,416.3390112,255,2227,169.8464466,749.6479974,30.70513938,270.2605511,1220.460134
2023,강원춘천,713,1952,180,696,286426,2392634,10,490,314,2.1,129.2,183.2,256.5552699,155,1657,248.9299156,681.5023776,62.84345695,242.9947002,1236.27045
2023,강원태백,104,230,17,89,38702,2438647,5,156,45,0.9,129.2,325.9,127.5441603,58,271,268.7199628,594.2845331,43.92537853,229.9622759,1136.89215
2023,강원홍천,105,507,49,153,67309,2473489,8,197,83,1.1,129.2,387.9,36.97484069,38,610,155.9969692,753.2425084,72.79858563,227.3098694,1209.347933
2023,강원횡성,43,128,18,95,46359,2421865,6,136,55,1.6,129.2,486.5,46.45190381,26,518,92.75437348,276.106042,38.82741215,204.922453,612.6102806
2023,강원영월,89,172,23,54,37332,2383966,6,145,46,0.8,129.2,489.9,33.1113023,25,294,238.4013715,460.7307404,61.60934319,144.6480231,905.3894782
2023,강원평창,60,198,23,88,40659,2332964,5,143,52,0.3,129.2,509.5,27.76779921,53,356,147.568804,486.9770531,56.56804152,216.4342458,907.5481443
2023,강원정선,76,233,16,229,34202,3084393,8,159,44,0.3,129.2,445.6,28.03948253,62,353,222.2092275,681.2467107,46.78089001,669.5514882,1619.788316
2023,강원철원,60,219,13,103,41448,2164697,3,130,42,0.5,129.2,255.8,46.56398504,64,332,144.7596989,528.372901,31.36460143,248.5041498,953.0013511
2023,강원화천,27,133,14,58,23007,2116825,5,109,23,0.5,129.2,265.2,25.3080037,30,188,117.3555874,578.0849307,60.85104533,252.0971878,1008.388751
2023,강원양구,56,100,16,62,21056,2035947,5,107,22,0.5,129.2,224.6,31.807127,17,214,265.9574468,474.9240122,75.98784195,294.4528875,1111.322188
2023,강원인제,46,159,9,30,32020,2159049,5,124,35,1,129.2,213.8,19.45215632,40,247,143.6602124,496.5646471,28.10743285,93.69144285,762.0237352
2023,강원고성,48,154,9,106,27305,2411762,11,119,35,1.5,129.2,417.5,41.32362734,20,227,175.7919795,563.9992675,32.96099615,388.207288,1160.959531
2023,강원양양,102,76,6,104,27710,2238473,5,,32,1.2,129.2,491.1,44.00019055,25,218,368.0981595,274.2692169,21.65283291,375.3157705,1039.33598
2023,충북제천,171,604,24,367,130194,2585040,7,263,154,1.5,129.2,273.4,147.4834895,94,1056,131.3424582,463.9230687,18.43402922,281.8870301,895.5865862
2023,충북청주,1453,6280,195,3374,852189,3029256,21,1325,963,2.6,129.2,126.2,905.6109924,185,5544,170.5020835,736.9257289,22.88224795,395.921562,1326.231622
2023,충북충주,380,1047,96,638,207778,2825427,9,362,243,1.1,129.2,227.4,211.3304651,179,1831,182.8875049,503.9032044,46.20315914,307.0584951,1040.052364
2023,충북보은,52,117,11,65,31010,2944971,6,119,39,0.3,129.2,582.9,53.07205203,24,406,167.6878426,377.2976459,35.47242825,209.6098033,790.0677201
2023,충북옥천,64,246,13,102,48891,2770741,7,134,58,1.5,129.2,439.8,90.97692594,22,568,130.9034383,503.1600908,26.5897609,208.6273547,869.2806447
2023,충북영동,37,138,5,85,44195,2467585,6,137,55,0.9,129.2,524.2,52.17766024,34,461,83.71987781,312.2525173,11.313497,192.329449,599.6153411
2023,충북증평,58,121,5,56,37484,2896192,1,,43,3.7,129.2,170.7,458.2396088,33,483,154.7326859,322.8043965,13.33902465,149.3970761,640.2731832
2023,충북진천,145,695,26,244,86254,3628242,5,184,115,2.9,129.2,142.8,211.7390024,83,1362,168.1081457,805.7597329,30.14352958,282.8854314,1286.89684
2023,충북괴산,41,329,37,48,36590,2773234,6,169,46,1.8,129.2,714.2,43.45502482,8,348,112.0524734,899.152774,101.1205247,131.1833834,1243.509156
2023,충북음성,191,676,60,354,91183,3559953,7,230,132,2.8,129.2,268.9,175.3148372,116,1594,209.4688703,741.3662634,65.80173936,388.2302622,1404.867135
2023,충북단양,23,104,4,39,27701,2513677,5,109,32,1.4,129.2,591.8,35.51546854,11,243,83.02949352,375.4377098,14.43991192,140.7891412,613.6962565
2023,충남계룡,30,101,4,66,46667,2310754,1,0,38,2.1,129.2,97.4,768.9405174,18,194,64.28525511,216.4270255,8.571367347,141.4275612,430.7112092
2023,충남공주,144,639,26,276,102104,2934904,8,243,119,2.8,129.2,376.4,118.1540455,57,1055,141.0326726,625.8324845,25.46423255,270.3126224,1062.642012
2023,충남논산,161,725,30,332,110423,2518893,6,267,135,2.2,129.2,337,198.538243,62,1277,145.8029577,656.5661139,27.16825299,300.6619998,1130.199324
2023,충남당진,338,1066,45,445,170302,3504962,9,284,211,1.9,129.2,157,241.3474484,121,2079,198.4709516,625.9468474,26.4236474,261.3005132,1112.14196
2023,충남보령,151,580,26,274,95772,2883835,8,247,110,1.4,129.2,326.6,163.1800446,70,914,157.6661237,605.6049785,27.14780938,286.096145,1076.515057
2023,충남서산,426,1360,29,523,176011,3405650,7,305,212,2.2,129.2,168,237.1221103,91,1757,242.0303276,772.6789803,16.47624296,297.1405196,1328.326071
2023,충남아산,630,1709,53,1368,345796,3340790,12,460,413,2.1,129.2,95.8,637.0479542,200,4253,182.1883423,494.2220269,15.32695578,395.6089718,1087.346297
2023,충남천안,1595,6359,192,3168,655959,3052320,18,1009,757,2.3,129.2,101.8,1031.106465,335,5993,243.1554411,969.4203449,29.27012207,482.9570141,1724.802922
2023,충남금산,73,251,12,101,50093,2917436,5,134,67,0.6,129.2,444.8,86.77869207,21,686,145.7289442,501.0680135,23.95544288,201.6249775,872.3773781
2023,충남부여,63,214,18,145,61046,2409140,9,175,72,0.9,129.2,590.7,97.72989242,35,656,103.2008649,350.5553189,29.48596141,237.5258002,720.7679455
2023,충남서천,70,228,11,154,49116,2660733,7,156,58,0.5,129.2,609.6,134.1527368,29,426,142.5197492,464.207183,22.39596058,313.5434482,942.6663409
2023,충남청양,33,137,7,78,30168,2471461,6,116,41,1.1,129.2,645.2,62.94835681,14,355,109.3874304,454.1235746,23.20339433,258.5521082,845.2665076
2023,충남예산,142,434,20,224,78354,2756938,6,178,102,2.1,129.2,442.3,144.3754491,29,871,181.2287822,553.8964188,25.52518059,285.8820226,1046.532404
2023,충남태안,144,300,10,196,60784,2752088,6,162,78,0.7,129.2,501.7,117.7893187,39,510,236.9044485,493.5509345,16.45169782,322.4532772,1069.360358
2023,충남홍성,111,647,30,279,97524,2476172,7,206,118,2.6,129.2,234.6,218.2330827,65,870,113.8181371,663.4264386,30.76165867,286.0834256,1094.08966
2023,전북군산,570,2139,29,850,259980,2687825,21,552,269,1.7,129.2,191.5,650.9589864,243,2247,219.2476344,822.7555966,11.15470421,326.9482268,1380.106162
2023,전북김제,164,378,11,175,81430,2494932,12,250,96,2.4,129.2,428.8,149.1200762,35,871,201.3999754,464.2023824,13.50853494,214.9085104,894.0194032
2023,전북남원,165,491,14,259,76781,2125888,11,264,87,1.8,129.2,344.1,102.0738889,64,845,214.8969146,639.4811216,18.2336776,337.3230356,1209.934749
2023,전북익산,703,1820,26,1078,270036,2445380,19,531,295,2.4,129.2,227.8,533.0464478,110,2362,260.3356589,673.9842095,9.62834585,399.2060318,1343.154246
2023,전북전주,1309,4973,67,2576,642727,2463924,19,1114,680,3,129.2,146.9,3120.185446,279,3497,203.6634528,773.734416,10.42433257,400.7922493,1388.614451
2023,전북정읍,184,590,30,520,103620,2281250,16,326,121,1.4,129.2,347.8,170.0640079,87,1171,177.5718973,569.388149,28.95193978,501.8336229,1277.745609
2023,전북완주,149,417,8,150,97827,2827192,11,231,116,2.2,129.2,223.3,119.1007816,35,1010,152.3096896,426.2626882,8.177701453,153.3319022,740.0819815
2023,전북고창,102,252,17,123,51750,2121205,9,177,64,0.3,129.2,504,85.19359937,29,603,197.1014493,486.9565217,32.85024155,237.6811594,954.589372
2023,전북부안,92,526,8,107,49187,2630360,10,185,60,0.6,129.2,496.3,99.33356221,35,533,187.0412914,1069.388253,16.26446012,217.5371541,1490.231159
2023,전북임실,26,110,6,46,25956,2189131,6,127,30,1.2,129.2,549.9,43.46646571,4,330,100.1695176,423.7941131,23.11604253,177.2229928,724.3026661
2023,전북순창,12,66,6,58,26764,2127962,7,123,32,1.9,129.2,468.2,53.96511745,14,354,44.83634733,246.5999103,22.41817367,216.7090121,530.5634434
2023,전북진안,39,80,4,46,24465,2148503,8,133,30,0.5,129.2,543.8,31.00249642,8,323,159.411404,326.9977519,16.34988759,188.0237073,690.7827509
2023,전북무주,35,93,0,55,23251,2183064,7,113,30,0.8,129.2,504.7,36.78664663,16,259,150.53116,399.9827964,0,236.5489656,787.062922
2023,전북장수,29,59,7,38,20983,2099561,6,108,28,0.5,129.2,491.7,39.3544394,10,288,138.20712,281.1800029,33.36033932,181.0989849,633.8464471
2023,전남광양,354,852,18,467,152666,3542210,8,282,169,1.5,129.2,119.5,328.4481831,221,1312,231.8787418,558.0810397,11.7904445,305.8965323,1107.646758
2023,전남나주,240,727,31,383,117377,4726251,11,270,131,1.9,129.2,188.8,192.9083259,62,1202,204.4693594,619.3717679,26.41062559,326.2990194,1176.550772
2023,전남목포,731,1953,47,1013,214156,2610047,11,513,231,2.7,129.2,170.9,4139.880147,155,1588,341.3399578,911.952035,21.94661835,473.0196679,1748.258279
2023,전남순천,801,1731,61,787,278137,2834274,17,504,293,2.1,129.2,143.3,305.2894431,254,1662,287.9875745,622.3551703,21.93163801,282.9540838,1215.228467
2023,전남여수,758,1959,58,717,271696,3573236,18,534,287,0.9,129.2,202.9,530.3040949,355,1868,278.988281,721.0264413,21.34738826,263.8978859,1285.259996
2023,전남담양,65,164,6,94,45373,2914357,6,139,50,1,129.2,451.4,99.70553981,3,452,143.2570031,361.4484385,13.22372336,207.171666,725.1008309
2023,전남곡성,37,127,4,85,26905,2648019,7,119,34,0.8,129.2,650,49.15591771,5,307,137.5209069,472.031221,14.86712507,315.9264077,940.3456607
2023,전남구례,32,107,4,67,24314,2537566,6,118,29,0.8,129.2,555,54.88983204,23,259,131.6114173,440.0756766,16.45142716,275.561405,863.699926
2023,전남고흥,81,312,10,157,61113,2479456,12,206,75,1,129.2,722.9,75.70892333,38,636,132.5413578,510.5296745,16.36313059,256.9011503,916.3353133
2023,전남보성,47,116,7,111,37686,2549159,8,152,47,0.8,129.2,665.7,56.69710692,23,397,124.7147482,307.8066125,18.57453696,294.5390861,745.6349838
2023,전남화순,86,279,12,205,61254,3130958,8,165,68,1.3,129.2,353.9,77.81447699,20,667,140.3989944,455.4804584,19.59055735,334.6720214,950.1420315
2023,전남장흥,101,199,7,111,35046,2549251,7,145,42,0.3,129.2,478.3,56.30965005,24,407,288.1926611,567.8251441,19.97374879,316.7265879,1192.718142
2023,전남강진,68,176,6,127,32722,2581738,7,138,37,1,129.2,499.3,65.3198922,31,329,207.8112585,537.8644337,18.33628751,388.1180857,1152.130065
2023,전남해남,104,288,74,172,64575,2714645,12,211,79,0.5,129.2,427.5,61.7847985,65,794,161.0530391,445.9930314,114.5954317,266.3569493,987.9984514
2023,전남영암,147,294,30,141,52350,3536256,6,170,75,1.3,129.2,307.6,85.48055256,29,1053,280.8022923,561.6045845,57.30659026,269.3409742,1169.054441
2023,전남무안,159,333,19,306,90296,2708154,7,208,100,1.4,129.2,141.6,200.0753362,22,709,176.0875343,368.7871002,21.04190662,338.8854434,904.8019846
2023,전남함평,56,96,5,128,30601,2772540,7,127,37,0.5,129.2,633.4,78.0518288,6,347,183.0005555,313.7152381,16.33933532,418.2869841,931.342113
2023,전남영광,115,160,6,168,51750,2794223,8,,57,0.9,129.2,295.9,109.057574,48,546,222.2222222,309.178744,11.5942029,324.6376812,867.6328502
2023,전남장성,53,285,7,115,42543,3064429,7,140,46,1.2,129.2,390.6,83.03665535,9,532,124.5798369,669.9104436,16.45394072,270.3147404,1081.258962
2023,전남완도,102,253,22,180,46641,2483786,11,,56,0.4,129.2,385.5,117.5221105,83,504,218.691709,542.4411998,47.16879998,385.9265453,1194.228254
2023,전남진도,67,161,9,103,28979,2500154,7,132,38,0.2,129.2,450.6,65.84490241,37,387,231.2019048,555.5747265,31.05697229,355.429794,1173.263398
2023,전남신안,39,88,16,83,38037,1968289,15,,46,0.4,129.2,629.8,57.95849333,21,367,102.5317454,231.3536819,42.06430581,218.2085864,594.1583195
2023,경북경산,528,1632,32,1070,266205,2654749,8,435,305,3,129.2,184.9,646.3168884,95,2022,198.343382,613.0613625,12.02081103,401.9458688,1225.371424
2023,경북경주,439,1608,79,1128,247489,3255098,22,498,277,2.1,129.2,275.5,186.7940193,200,2241,177.381621,649.7258464,31.92061061,455.7778326,1314.805911
2023,경북구미,1143,3293,135,1740,405506,2957276,17,653,427,4.2,129.2,87.2,658.695299,271,2575,281.8700586,812.0718312,33.29173921,429.0935276,1556.327157
2023,경북김천,241,698,24,351,137515,3114632,14,290,161,2,129.2,246,136.1440296,115,1023,175.2536087,507.5809912,17.45264153,255.2448824,955.5321238
2023,경북문경,73,336,16,240,68755,2248607,8,196,78,1.6,129.2,406.3,75.38346837,93,599,106.1740964,488.6917315,23.27103483,349.0655225,967.2023853
2023,경북상주,105,531,58,318,93858,2199381,13,245,113,0.9,129.2,431.5,74.8051327,55,925,111.8711245,565.748258,61.79547828,338.8096912,1078.224552
2023,경북안동,261,804,42,428,152935,2332078,17,377,174,1.9,129.2,283.9,100.463775,194,1104,170.6607382,525.7135384,27.46264753,279.8574558,1003.69438
2023,경북영주,146,757,50,199,100199,2342202,8,229,112,2.4,129.2,339.3,149.5128102,125,769,145.710037,755.4965618,49.90069761,198.6047765,1149.712073
2023,경북영천,236,706,14,238,100212,2796380,12,240,123,1.5,129.2,390.4,109.0208877,68,929,235.5007384,704.5064463,13.97038279,237.4965074,1191.474075
2023,경북포항,821,3500,90,2201,493033,3251440,28,891,506,2.6,129.2,187,436.0307058,319,2617,166.5202938,709.89163,18.2543562,446.4204222,1341.086702
2023,경북군위,15,28,9,13,23340,2345918,4,105,31,,129.2,,37.99199141,,,64.26735219,119.9657241,38.56041131,55.69837189,278.4918595
2023,경북의성,51,178,12,121,50086,2105639,9,178,65,0.4,129.2,883.6,42.64162509,54,419,101.8248612,355.3887314,23.95879088,241.5844747,722.7568582
2023,경북청송,59,66,11,44,24019,2025983,7,108,34,0.4,129.2,735.2,28.38621994,13,229,245.6388692,274.7824639,45.79707731,183.1883093,749.4067197
2023,경북영양,43,62,4,42,15661,1975063,5,88,22,0.4,129.2,697,19.19569534,16,196,274.5673967,395.8878743,25.54115318,268.1821084,964.1785327
2023,경북영덕,72,226,15,166,34055,2177720,6,129,39,0.7,129.2,647.1,45.93832623,34,284,211.4226986,663.6323594,44.04639554,487.4467773,1406.548231
2023,경북청도,68,202,47,154,41316,2242900,6,125,56,0.4,129.2,780,59.15384065,16,313,164.5851486,488.9147062,113.7573821,372.7369542,1139.994191
2023,경북고령,40,140,14,67,30139,2730903,4,111,37,1.3,129.2,545.9,78.43591412,9,312,132.7184047,464.5144165,46.45144165,222.3033279,865.9875908
2023,경북성주,52,331,35,113,42086,2575881,7,138,50,0.9,129.2,592.1,68.22396576,12,385,123.5565271,786.4848168,83.16304709,268.4978378,1261.702229
2023,경북칠곡,240,709,49,295,110581,2730971,7,244,126,2.4,129.2,162.3,245.1689429,74,1165,217.0354763,641.1589694,44.31140974,266.7727729,1169.278628
2023,경북예천,48,191,12,127,55325,2105332,8,141,63,1.2,129.2,267,83.6331479,40,509,86.76005423,345.2327158,21.69001356,229.5526435,683.235427
2023,경북봉화,46,56,10,45,29603,2082865,6,118,40,0.5,129.2,685.3,24.61378565,31,314,155.3896565,189.1700166,33.7803601,152.0116204,530.3516535
2023,경북울진,78,217,9,194,46669,2545627,8,147,51,2.1,129.2,361.7,47.10899804,71,321,167.1345004,464.9767512,19.28475005,415.693501,1067.089503
2023,경북울릉,22,31,4,16,9077,2255926,4,62,12,0.3,129.2,446.6,124.2743702,14,33,242.3708274,341.5225295,44.06742316,176.2696926,804.2304726
2023,경남거제,564,1591,29,870,234038,3237276,9,400,254,4.1,129.2,95.6,579.4741012,327,1894,240.9865065,679.8041344,12.39115016,371.7345047,1304.916296
2023,경남김해,1034,4115,542,3472,533659,2758865,14,829,568,2.1,129.2,107.4,1151.243663,641,4429,193.7566873,771.0916522,101.5629831,650.6027257,1717.014048
2023,경남밀양,206,549,41,252,102084,2434653,10,233,111,1.4,129.2,414.9,127.8110954,97,871,201.7946005,537.7924063,40.16300302,246.8555307,1026.605541
2023,경남사천,295,654,34,307,109030,2942818,8,233,123,2.2,129.2,233.1,273.3814754,168,858,270.5677337,599.8349078,31.18407778,281.5738787,1183.160598
2023,경남양산,787,2410,71,1232,355122,2845960,12,467,361,2.7,129.2,123.8,731.155034,328,2619,221.6139805,678.6400167,19.99312912,346.9230293,1267.170156
2023,경남진주,710,2529,97,2930,341074,2741174,13,539,387,3.2,129.2,166.1,478.4250466,257,2227,208.1659698,741.4813208,28.43957616,859.051115,1837.137982
2023,경남창원,2116,6832,271,3662,1009038,2974604,33,759,1060,2.8,129.2,153.8,1346.748705,1765,6136,209.704689,677.080546,26.85726405,362.9199297,1276.562429
2023,경남통영,378,915,35,699,120551,2239939,8,262,122,4.4,129.2,211.9,502.4842649,293,1005,313.5602359,759.0148568,29.03335518,579.8375791,1681.446027
2023,경남함안,92,427,19,106,60203,3027984,7,161,69,2.1,129.2,315.3,144.5068529,46,690,152.8163048,709.2669801,31.55988904,176.0709599,1069.714134
2023,경남거창,88,241,16,147,60047,2179401,7,163,72,1.5,129.2,330.7,74.68903926,40,491,146.5518677,401.3522741,26.64579413,244.8082336,819.3581694
2023,경남창녕,74,333,16,136,57083,2651230,7,159,70,0.8,129.2,491.1,107.165922,76,601,129.6357935,583.3610707,28.02936076,238.2495664,979.2757914
2023,경남고성,62,369,17,144,49468,2578220,11,159,59,2.2,129.2,471.1,95.49253904,73,476,125.333549,745.9367672,34.36565052,291.097275,1196.733242
2023,경남하동,69,160,20,68,41606,2191303,8,152,51,1,129.2,646.8,61.61204816,39,362,165.8414652,384.5599192,48.06998991,163.4379657,761.90934
2023,경남합천,60,145,17,73,41203,2110976,7,160,52,0.7,129.2,796.6,41.90959578,37,353,145.6204645,351.9161226,41.25913162,177.1715652,715.9672839
2023,경남남해,36,157,6,54,40780,2047981,6,138,55,1.1,129.2,637.3,113.9806585,39,302,88.27856793,384.9926435,14.71309465,132.4178519,620.4021579
2023,경남함양,37,211,12,57,36945,2161680,7,138,48,0.7,129.2,529.9,88.68006049,40,383,100.1488699,571.1192313,32.48071458,154.2833942,858.03221
2023,경남산청,44,130,6,37,33752,2210411,5,132,46,1.2,129.2,736.8,42.46976961,19,284,130.3626452,385.1623607,17.77672434,109.6231334,642.9248637
2023,경남의령,34,90,7,50,25475,2446126,7,142,32,0.6,129.2,672.8,52.75200861,31,247,133.4641806,353.2875368,27.47791953,196.2708538,710.5004907
2022,세종,400,1528,29,1110,383591,2849763,11,438,,,124.7,53.2,824.9268817,,1908,104.2777333,398.3409413,7.560135665,289.3707099,799.5495202
2022,강원강릉,482,1054,10,632,211381,2268741,7,414,233,2,124.7,236.7,203.088881,214,1100,228.0242784,498.6257043,4.730794158,298.9861908,1030.366968
2022,강원동해,250,255,10,222,89426,2272527,4,232,88,1.5,124.7,196.3,495.8744594,126,479,279.5607541,285.1519692,11.18243017,248.2499497,824.1451032
2022,강원삼척,154,352,6,222,63455,2581241,8,221,71,0.8,124.7,302,53.42004462,87,408,242.6916713,554.72382,9.45551966,349.8542274,1156.725238
2022,강원속초,284,859,12,239,82806,2167552,2,300,83,1.7,124.7,195.3,783.035461,81,516,342.9703162,1037.364442,14.4917035,288.626428,1683.45289
2022,강원원주,686,2450,63,1250,360807,2791044,10,584,374,3.7,124.7,137.4,415.5374356,255,2131,190.1293489,679.033389,17.46085858,346.4456067,1233.069203
2022,강원춘천,611,1582,85,857,286664,2309247,10,486,299,2.8,124.7,167.6,256.7684494,164,1590,213.1415176,551.8655987,29.65143862,298.9562694,1093.614824
2022,강원태백,92,193,8,90,39428,2353657,5,155,45,1.1,124.7,290.8,129.9367255,59,256,233.336715,489.4998478,20.29014913,228.2641777,971.3908897
2022,충북제천,255,603,19,383,130988,2221541,7,263,146,1.7,124.7,247.4,148.382931,99,1012,194.6743213,460.3475127,14.50514551,292.3931963,961.9201759
2022,충북청주,1756,5676,105,3435,849573,2603293,21,1299,945,2.9,124.7,115.3,902.8310007,194,5163,206.6920677,668.100328,12.35914983,404.3207588,1291.472304
2022,충북충주,413,1317,103,758,208277,2428126,9,360,243,1.7,124.7,207.4,211.8379967,180,1746,198.2936186,632.3309823,49.45337219,363.9384089,1244.016382
2022,충남계룡,22,103,1,75,44475,2134147,1,0,35,2.5,124.7,90.1,732.8225408,18,177,49.46599213,231.5907813,2.248454188,168.6340641,451.9392917
2022,충남공주,124,553,45,332,102571,2710593,8,242,120,2.2,124.7,344.3,118.6944547,55,1030,120.89187,539.1387429,43.8720496,323.6782326,1027.580895
2022,충남논산,188,800,12,383,112617,2326377,6,265,128,1.7,124.7,304.8,202.4830091,60,1233,166.9374961,710.3723239,10.65558486,340.0907501,1228.056155
2022,충남당진,388,667,30,409,168253,3237083,9,284,202,1.7,124.7,147.5,238.4436603,121,1929,230.6051007,396.4268096,17.83029129,243.0863046,887.9485061
2022,충남보령,172,444,30,253,97157,2663427,8,246,113,1.7,124.7,298.2,165.5398613,70,870,177.0330496,456.9922908,30.87785749,260.4032648,925.3064627
2022,충남서산,400,952,45,520,176413,3145361,7,303,211,1.4,124.7,152.7,237.6636849,94,1669,226.7406597,539.6427701,25.50832422,294.7628576,1086.654612
2022,충남아산,593,1421,33,1263,334539,3085458,12,458,391,2.4,124.7,90.8,616.3095743,198,3884,177.2588547,424.76363,9.864320752,377.5344579,989.4212633
2022,충남천안,1329,5409,115,3069,657559,2819036,18,445,763,2.1,124.7,90.6,1033.621516,345,5687,202.1111414,822.587783,17.48892495,466.7261797,1508.914029
2022,전북군산,557,2127,18,884,262467,2560422,21,546,259,1.6,124.7,175,657.1861385,248,2176,212.2171549,810.3875916,6.858005006,336.8042459,1366.266997
2022,전북김제,166,377,3,166,81455,2376673,12,250,91,1.8,124.7,411.4,149.1658579,35,826,203.7935056,462.8322387,3.683015162,203.7935056,874.1022651
2022,전북남원,196,475,7,232,77948,2025121,11,263,89,1.8,124.7,313.8,103.6253174,67,811,251.4496844,609.3806127,8.980345872,297.6343203,1167.444963
2022,전북익산,753,2178,19,969,273697,2329469,19,525,287,2.2,124.7,208.9,540.2731992,111,2238,275.1217587,795.7705053,6.941983288,354.0411477,1431.875395
2022,전북전주,1252,4178,32,2185,651495,2347134,19,523,690,2.7,124.7,133.7,3162.750619,281,3333,192.1733858,641.294254,4.911779829,335.3824665,1173.761886
2022,전북정읍,128,581,15,546,105081,2173118,16,324,119,1.2,124.7,322.9,172.4618415,90,1137,121.8107936,552.9068052,14.27470237,519.5991664,1208.591468
2022,전남광양,314,911,11,446,152168,2790858,8,278,164,1.8,124.7,108.9,327.3767776,220,1254,206.3508753,598.6804059,7.228852321,293.0971032,1105.357237
2022,전남나주,195,394,20,418,116456,3723748,11,269,128,2.1,124.7,182.9,191.3946685,61,1161,167.4452154,338.3252044,17.17386824,358.9338463,881.8781342
2022,전남목포,854,1716,29,1287,216939,2056420,11,648,222,2,124.7,154,4193.678716,156,1504,393.659047,791.0057666,13.36781307,593.2543249,1791.286952
2022,전남순천,747,1530,38,966,278737,2233085,17,497,290,2.2,124.7,131.6,305.9480166,258,1569,267.9945612,548.9045229,13.63292279,346.5632478,1177.095255
2022,전남여수,652,1695,33,809,274765,2815303,18,527,293,1.1,124.7,186.2,536.2942577,364,1800,237.2936873,616.8907976,12.01026332,294.4334249,1160.628173
2022,경북경산,535,1444,26,1014,267725,2473732,8,431,305,3.1,124.7,168.3,650.0072837,94,1894,199.8319171,539.3594173,9.711457652,378.7468484,1127.64964
2022,경북경주,441,1497,54,1208,249607,3033146,22,493,281,2,124.7,251.2,188.3925943,208,2194,176.6777374,599.7427957,21.63400866,483.9607864,1282.015328
2022,경북구미,989,3150,59,1744,408110,2755631,17,646,438,3.8,124.7,77.4,662.9251811,273,2466,242.3366249,771.8507265,14.45688662,427.3357673,1455.980005
2022,경북김천,206,600,19,493,139324,2902258,14,287,161,2.3,124.7,227,137.9349946,118,1008,147.8567942,430.650857,13.63727714,353.8514542,945.9963825
2022,경북문경,85,253,13,180,70373,2095283,8,195,77,2,124.7,371.3,77.15745502,95,575,120.7849601,359.5128814,18.4729939,255.7799156,754.550751
2022,경북상주,110,440,16,350,94823,2049414,13,244,114,1.1,124.7,397.2,75.57424085,57,859,116.0056105,464.0224418,16.87354334,369.1087605,966.0103561
2022,경북안동,348,839,37,443,154610,2173063,17,374,170,1.4,124.7,261.7,101.5640909,194,1024,225.0824656,542.6557144,23.93118168,286.5273915,1078.196753
2022,경북영주,174,468,19,246,100749,2182496,8,227,111,1.6,124.7,312.9,150.3334975,127,717,172.7064288,464.5207397,18.85874798,244.171158,900.2570745
2022,경북영천,274,459,16,283,101088,2605706,12,239,120,1.3,124.7,362.8,109.9738903,71,912,271.0509655,454.0598291,15.82779361,279.9540994,1020.892688
2022,경북포항,726,3206,29,2508,496650,3029737,28,452,515,3,124.7,170.4,439.2295243,327,2537,146.179402,645.5250176,5.839122118,504.9833887,1302.52693
2022,경남거제,525,1519,27,794,242523,3049367,9,395,238,4.1,124.7,82.2,600.4828167,335,1882,216.4743138,626.3323479,11.13296471,327.3916288,1181.331255
2022,경남김해,1084,3296,139,2757,553040,2598725,14,818,562,4.3,124.7,96,1193.053608,639,4233,196.0075221,595.9785911,25.13380587,498.5172863,1315.637205
2022,경남밀양,168,568,23,308,105959,2293332,10,230,112,2.1,124.7,372.7,132.6626686,97,820,158.5518927,536.0563992,21.70650912,290.67847,1006.993271
2022,경남사천,246,625,18,342,112496,2772001,8,232,119,3.6,124.7,213.2,282.0721127,167,827,218.6744418,555.5753093,16.00056891,304.0108093,1094.261129
2022,경남양산,803,2055,51,1158,359912,2680765,12,462,350,3.6,124.7,111.4,741.0170887,332,2519,223.1100936,570.9729045,14.17013048,321.7453155,1129.998444
2022,경남진주,800,2583,55,2114,348690,2582061,13,533,369,3,124.7,151.1,489.1080221,253,2147,229.4301529,740.772606,15.77332301,606.2691789,1592.245261
2022,경남창원,2289,7204,226,3426,1035475,2801941,33,750,1049,3.7,124.7,138,1382.033794,1770,5981,221.0579686,695.7193559,21.82573215,330.8626476,1269.465704
2022,경남통영,334,1193,62,387,126669,2109921,8,260,122,3.8,124.7,187.1,527.9854946,294,991,263.6793533,941.8247559,48.94646678,305.5206878,1559.971264
2021,세종,315,1117,40,1043,371895,2680483,11,431,,,118.7,49.7,799.7741935,,1781,84.70132699,300.3535944,10.75572406,280.4555049,676.2661504
2021,강원강릉,462,842,17,732,212965,2124210,7,412,231,1.9,118.7,216.3,204.6107433,216,1086,216.9370554,395.3701312,7.982532341,343.7184514,964.0081704
2021,강원동해,226,262,7,226,90081,2127754,4,230,91,1.3,118.7,178.9,499.5064877,129,443,250.8853143,290.8493467,7.770784072,250.8853143,800.3907594
2021,강원삼척,181,233,0,178,63429,2416802,8,221,69,1.3,118.7,281.5,53.39815633,89,408,285.3584323,367.3398603,0,280.6287345,933.3270271
2021,강원속초,280,492,1,267,82791,2029467,2,296,83,1.7,118.7,180.6,782.893617,79,494,338.2010122,594.2674928,1.207860758,322.4988223,1256.175188
2021,강원원주,697,2126,40,1057,357757,2613239,10,574,368,3.8,118.7,125.2,412.0247843,264,2008,194.824979,594.2581137,11.18077354,295.4519408,1095.715807
2021,강원춘천,536,1597,29,841,284594,2162136,10,485,290,3.6,118.7,156.1,254.9143251,166,1499,188.3384752,561.1502702,10.18995481,295.5086896,1055.18739
2021,강원태백,113,229,6,83,40844,2203716,5,154,44,1.7,118.7,256.8,134.6032165,60,245,276.6624229,560.6698658,14.69004015,203.2122221,1055.234551
2021,충북제천,258,524,17,388,131591,2100829,7,261,143,1.7,118.7,222.9,149.0660081,101,986,196.0620407,398.2035246,12.91881664,294.8529915,902.0373734
2021,충북청주,1689,5156,90,2973,848482,2461838,21,1277,900,3.1,118.7,104.6,901.6716082,197,4903,199.0613826,607.6734686,10.60717847,350.390462,1167.732492
2021,충북충주,424,1281,29,636,209358,2296189,9,358,237,1.3,118.7,188.2,212.937479,183,1700,202.5239064,611.8705758,13.85187096,303.7858596,1132.032213
2021,충남계룡,32,71,3,65,43331,1987054,1,0,36,2.8,118.7,81.7,713.9726479,18,159,73.85013039,163.8549768,6.923449724,150.0080774,394.6366343
2021,충남공주,121,532,15,278,103145,2523770,8,250,120,3.1,118.7,310.9,119.3586836,57,986,117.3105822,515.7787581,14.54263416,269.5234864,917.1554608
2021,충남논산,129,617,21,421,114483,2166036,6,269,131,1.3,118.7,277.9,205.838038,62,1222,112.6804853,538.9446468,18.34333482,367.7401885,1037.708655
2021,충남당진,362,631,33,506,167092,3013973,9,273,198,2,118.7,136.3,236.7983221,120,1816,216.6471166,377.6362722,19.74959902,302.827185,916.8601728
2021,충남보령,182,376,29,272,98408,2479855,8,258,109,1.7,118.7,270.7,167.6713636,70,853,184.9443135,382.0827575,29.46914885,276.4002927,872.8965125
2021,충남서산,318,820,18,541,176645,2928573,7,283,203,1.2,118.7,140.2,237.9762354,98,1588,180.0220782,464.2078746,10.18992895,306.2639758,960.6838575
2021,충남아산,580,1356,44,1132,324580,2872799,12,432,370,2.2,118.7,86.1,597.9624546,196,3597,178.6924641,417.7706575,13.55598004,348.7583955,958.7774971
2021,충남천안,1130,3670,93,2726,658486,2624739,18,907,750,2.5,118.7,81.4,1035.078674,344,5342,171.6057745,557.3391082,14.1233071,413.9799479,1157.048138
2021,전북군산,681,1844,16,1055,265304,2399287,21,544,259,2.5,118.7,158.7,664.289649,252,2095,256.6866689,695.0517143,6.030817477,397.6570274,1355.426228
2021,전북김제,148,244,9,168,80913,2227101,12,250,90,1.4,118.7,386.2,148.1733111,37,808,182.912511,301.558464,11.1230581,207.6304179,703.224451
2021,전북남원,174,382,5,232,79431,1897674,11,262,89,1.4,118.7,287.7,105.5968413,66,795,219.0580504,480.9205474,6.294771563,292.0774005,998.3507699
2021,전북익산,765,1756,24,905,278113,2182869,19,524,283,1.9,118.7,189.7,548.9903077,111,2180,275.0680479,631.3980289,8.629585816,325.4072985,1240.502961
2021,전북전주,1222,3709,23,2111,657269,2199421,19,1098,678,3,118.7,122.3,3190.781106,291,3204,185.920833,564.3047215,3.499328281,321.1774783,1074.902361
2021,전북정읍,183,877,8,443,106487,2036357,16,323,118,0.9,118.7,294.7,174.7694075,90,1114,171.8519632,823.5747086,7.512654127,416.0132223,1418.952548
2021,전남광양,266,897,12,385,150531,2633474,8,275,159,1.7,118.7,100.3,323.8549085,226,1218,176.7077878,595.8905475,7.971779899,255.7612718,1036.331387
2021,전남나주,208,449,18,399,116726,3513756,11,268,131,2.4,118.7,173,191.8384117,60,1113,178.1950894,384.661515,15.42072889,341.826157,920.1034902
2021,전남목포,777,2170,32,1064,218589,1940453,11,649,216,2.8,118.7,139.7,4225.575101,156,1478,355.4616198,992.7306498,14.63934599,486.7582541,1849.58987
2021,전남순천,638,1375,23,909,281436,2107156,17,498,287,2.6,118.7,121.2,308.9104999,283,1558,226.6945238,488.5657841,8.172373115,322.9863983,1046.419079
2021,전남여수,563,1435,33,885,276762,2656541,18,528,292,1.4,118.7,171.1,540.19206,370,1748,203.4238804,518.4960363,11.92360223,319.7693325,1053.612851
2021,경북경산,559,1202,21,910,268369,2336920,8,427,296,3.5,118.7,153.8,651.5708459,93,1803,208.2952949,447.8907773,7.825046857,339.0853638,1003.096483
2021,경북경주,444,1649,45,909,251889,2865395,22,501,281,2.4,118.7,232.4,190.1149495,216,2128,176.2681181,654.6534386,17.86501197,360.8732418,1209.65981
2021,경북구미,488,2782,142,1699,412581,2603228,17,652,425,4.2,118.7,69.1,670.1877782,282,2364,118.2798045,674.291836,34.41748408,411.7979257,1238.78705
2021,경북김천,237,622,16,392,140239,2741746,14,284,156,2.2,118.7,211,138.8408724,123,975,168.9972119,443.5285477,11.40909447,279.5228146,903.4576687
2021,경북문경,113,250,14,137,71154,1979401,8,194,74,2.4,118.7,346.1,78.01374894,100,571,158.8104674,351.3505917,19.67563313,192.5401242,722.3768165
2021,경북상주,105,354,21,275,95566,1936069,13,244,112,1.3,118.7,369.8,76.16641428,59,810,109.8717117,370.424628,21.97434234,287.7592449,790.029927
2021,경북안동,324,789,34,415,156972,2052879,17,369,172,2.2,118.7,241.8,103.1157007,207,983,206.4062381,502.637413,21.65991387,264.3783605,995.0819254
2021,경북영주,146,441,11,182,101942,2061791,8,227,107,2.2,118.7,294.3,152.1136428,133,682,143.218693,432.5989288,10.79044947,178.5328913,765.1409625
2021,경북영천,178,419,11,359,101888,2461595,12,236,120,1.8,118.7,334.3,110.8442124,76,878,174.7016332,411.2358668,10.79616834,352.3476759,949.0813442
2021,경북포항,815,2510,31,2162,503852,2862175,28,892,502,3.1,118.7,154.5,445.5988609,327,2460,161.7538484,498.1621587,6.152600367,429.0942578,1095.162865
2021,경남거제,523,1543,19,763,241216,2874848,9,388,237,4.3,118.7,71.2,597.2467069,341,1889,216.8181215,639.6756434,7.876757761,316.314009,1180.684532
2021,경남김해,1247,4017,152,2573,537673,2449998,14,805,552,4.2,118.7,85.3,1159.902923,636,4090,231.9253524,747.1083726,28.26997078,478.5436501,1485.847346
2021,경남밀양,114,581,18,249,103525,2162082,10,228,110,2.7,118.7,335.5,129.6152546,99,773,110.1183289,561.2170973,17.38710456,240.5216131,929.2441439
2021,경남사천,169,722,19,365,109953,2613356,8,232,117,3.8,118.7,194.9,275.6958026,166,806,153.7020363,656.6442025,17.28011059,331.9600193,1159.586369
2021,경남양산,744,2645,47,1067,354726,2527342,12,440,343,3.6,118.7,100.3,730.3397159,330,2424,209.7393481,745.6459352,13.24966312,300.7955436,1269.43049
2021,경남진주,797,2063,36,1857,347097,2434287,13,528,355,3.8,118.7,138.4,486.8735184,256,2082,229.6188097,594.3583494,10.37174046,535.0089456,1369.357845
2021,경남창원,2040,6214,137,3386,1032741,2641583,33,756,1041,3.8,118.7,123.8,1378.384763,1801,5881,197.5325856,601.6997485,13.26566874,327.8653602,1140.363363
2020,세종,345,1540,34,876,355831,2518078,11,335,,,115.8,47.1,765.227957,,1656,96.95613929,432.7897232,9.555097785,246.1842841,785.4852444
2020,강원강릉,671,1064,19,640,213321,2018895,7,412,222,3.3,115.8,200.5,204.9527781,216,1017,314.5494349,498.7788357,8.906764922,300.0173448,1122.25238
2020,강원동해,208,252,7,185,90593,2022264,4,230,87,2.2,115.8,166.5,502.3455695,131,414,229.5983133,278.1671873,7.726866314,204.2100383,719.7024053
2020,강원삼척,172,487,2,140,65243,2296982,8,220,70,1.4,115.8,260.1,54.92528518,89,400,263.6298147,746.4402311,3.065462962,214.5824073,1227.717916
2020,강원속초,373,564,4,281,82665,1928850,2,296,83,1.1,115.8,168.3,781.7021277,79,440,451.2187746,682.27182,4.838807234,339.9262082,1478.25561
2020,강원원주,675,2207,54,1150,354376,2483680,10,572,356,3.8,115.8,115.8,408.130924,263,1895,190.475653,622.7848387,15.23805224,324.5140754,1153.012619
2020,강원춘천,591,1769,66,945,282765,2054941,10,484,279,4.1,115.8,145.3,253.2760675,175,1410,209.0074797,625.6078369,23.34093682,334.1997772,1192.156031
2020,강원태백,100,245,7,75,42719,2094460,5,154,44,2.5,115.8,231,140.7823622,59,237,234.0878766,573.5152976,16.38615136,175.5659074,999.555233
2020,충북제천,248,649,22,373,133018,1996464,7,259,141,3.3,115.8,202.4,150.6825107,102,957,186.4409328,487.9038927,16.53911501,280.4131772,971.2971177
2020,충북청주,2257,5446,87,3211,844993,2339538,21,1274,868,3.2,115.8,96.4,897.9638899,206,4650,267.1028044,644.5023805,10.29594328,380.003148,1301.904276
2020,충북충주,361,1348,77,790,210186,2182118,9,360,231,2.4,115.8,174.6,213.7796357,190,1565,171.7526381,641.3367208,36.63421922,375.8575738,1225.581152
2020,충남계룡,23,135,2,59,42822,1884915,1,0,32,2.9,115.8,73.2,705.5857637,19,152,53.71070945,315.258512,4.670496474,137.779646,511.4193639
2020,충남공주,156,524,24,277,104545,2394043,8,249,124,4.2,115.8,287.2,120.9787539,58,961,149.2180401,501.2195705,22.95662155,264.9576737,938.3519059
2020,충남논산,187,947,20,425,116675,2054697,6,268,129,3.3,115.8,257.1,209.7792082,62,1162,160.2742661,811.6563103,17.14163274,364.2596957,1353.331905
2020,충남당진,311,776,40,526,166249,2859048,9,273,195,2.5,115.8,127.2,235.603645,123,1705,187.0687944,466.7697249,24.0602951,316.3928806,994.291695
2020,충남보령,158,518,26,325,100229,2352385,8,257,113,1.3,115.8,249.8,170.7740539,77,803,157.6390067,516.8164902,25.94059604,324.2574504,1024.653543
2020,충남서산,401,978,29,590,175591,2778037,7,281,200,1.6,115.8,131.1,236.556286,97,1462,228.3716136,556.9761548,16.51565285,336.0081098,1137.871531
2020,충남아산,878,1600,58,1201,316129,2725130,12,431,362,2.8,115.8,80.3,582.393471,195,3338,277.7347222,506.1225006,18.34694065,379.908202,1182.112366
2020,충남천안,1298,4977,92,2865,658808,2489821,18,905,748,3.5,115.8,74.4,1035.584828,363,5002,197.0225012,755.4553072,13.96461488,434.8763221,1401.318745
2020,전북군산,801,1990,11,1019,267859,2281291,21,544,250,3,115.8,146.2,670.687065,262,1987,299.0379267,742.9281824,4.106638194,380.4240291,1426.496776
2020,전북김제,229,331,3,216,82450,2117574,12,249,88,1.4,115.8,354.6,150.9879686,39,778,277.7440873,401.4554275,3.63856883,261.9769557,944.8150394
2020,전북남원,166,519,6,207,80662,1804348,11,262,89,2.1,115.8,268.8,107.2333524,67,789,205.7970296,643.4256527,7.438446852,256.6264164,1113.287546
2020,전북익산,876,1932,24,1077,282276,2075517,19,523,281,2.3,115.8,173.8,557.2079986,111,2155,310.3345662,684.4365089,8.502316881,381.5414701,1384.814862
2020,전북전주,1631,4448,36,2196,657432,2091255,19,1092,652,3.1,115.8,114,3191.572406,299,3054,248.0864941,676.5718736,5.475851495,334.0269412,1264.16116
2020,전북정읍,245,615,18,358,108508,1936211,16,323,113,0.9,115.8,274.1,178.0863286,92,1060,225.7898035,566.7784864,16.58863863,329.9295904,1139.086519
2020,전남광양,348,752,7,408,151769,2508057,8,274,155,2,115.8,92.3,326.5183623,235,1141,229.2958378,495.4898563,4.612272598,268.8296029,998.2275695
2020,전남나주,188,498,13,414,115613,3346416,11,268,124,1.5,115.8,171.3,190.0092036,62,1014,162.611471,430.7474073,11.24441023,358.0912181,962.6945067
2020,전남목포,860,1517,18,1062,224044,1848040,11,646,219,3.5,115.8,125,4331.026484,158,1427,383.8531717,677.0991412,8.034136152,474.014033,1543.000482
2020,전남순천,707,1503,58,907,282189,2006804,17,497,276,2.2,115.8,113.9,309.7370096,296,1485,250.5413039,532.6217535,20.5536006,321.4157887,1125.132447
2020,전남여수,674,1919,36,872,280242,2530025,18,526,289,1.4,115.8,158.8,546.9844244,377,1701,240.5064195,684.76531,12.84604021,311.1596406,1249.27741
2020,경북경산,706,1149,25,1020,263728,2232459,8,417,282,4.1,115.8,142.7,640.3030009,98,1647,267.7000546,435.6761512,9.47946369,386.7621185,1099.617788
2020,경북경주,508,2279,47,892,253502,2737310,22,499,279,2.9,115.8,215.4,191.3323723,230,2023,200.3928963,899.006714,18.54028765,351.8709912,1469.810889
2020,경북구미,748,3377,47,1787,416328,2486862,17,668,420,5.5,115.8,62.3,676.2743251,298,2270,179.6660326,811.139294,11.28917584,429.2288772,1431.32338
2020,경북김천,458,857,22,431,140548,2619189,14,282,149,2.4,115.8,200.2,139.1467918,128,931,325.8673193,609.7560976,15.65301534,306.6568005,1257.933233
2020,경북문경,125,234,21,166,71406,1890921,8,194,75,2.4,115.8,323.4,78.29004353,102,553,175.0553175,327.7035543,29.40929334,232.4734616,764.6416268
2020,경북상주,133,347,23,342,97228,1849526,13,243,111,1.4,115.8,343.8,77.49103371,60,790,136.7918707,356.8930761,23.65573703,351.7505245,869.0912083
2020,경북안동,525,858,36,444,158907,1961115,17,367,171,2.2,115.8,226.5,104.386812,214,944,330.3819215,539.9384546,22.65476033,279.4087108,1172.383847
2020,경북영주,172,474,25,216,103119,1969628,8,227,105,1.3,115.8,273.7,153.8699136,137,678,166.7975834,459.6631077,24.24383479,209.4667326,860.1712584
2020,경북영천,233,571,12,380,102015,2351561,12,234,118,2.9,115.8,314.7,110.982376,76,830,228.3977846,559.7216096,11.76297603,372.494241,1172.376611
2020,경북포항,1118,3597,66,1963,502916,2734234,28,882,495,3.9,115.8,140.3,444.7710771,342,2337,222.3035258,715.2287857,13.12346396,390.3236326,1340.979408
2020,경남거제,713,1898,23,833,245754,2749183,9,388,241,5,115.8,62.2,608.4827176,363,1873,290.1275259,772.3170325,9.358952448,338.956843,1410.760354
2020,경남김해,1377,4592,200,2441,542338,2342903,14,802,535,5.6,115.8,77.1,1169.966562,638,3937,253.900704,846.7044537,36.87737168,450.0883213,1587.570851
2020,경남밀양,158,642,30,314,104831,2067573,10,228,106,2.9,115.8,307.8,131.2503913,102,753,150.7187759,612.4142668,28.6174891,299.5297193,1091.280251
2020,경남사천,313,625,21,407,111105,2499121,8,231,118,4.2,115.8,181.8,278.5843238,173,766,281.7154944,562.5309392,18.90103956,366.3201476,1229.467621
2020,경남양산,796,2142,61,1340,352229,2416867,12,440,337,5.1,115.8,92,725.1986823,335,2268,225.9893422,608.1270991,17.31827873,380.4343197,1231.86904
2020,경남진주,928,2424,43,2050,348096,2327879,13,526,341,4.2,115.8,128.4,488.2748173,261,1958,266.5931237,696.3596249,12.35291414,588.9179996,1564.223662
2020,경남창원,2625,7929,174,3902,1036738,2526114,33,757,1006,4.3,115.8,113.2,1383.719502,1879,5623,253.1980115,764.8026792,16.78341105,376.3728155,1411.156917
2020,경남통영,385,1006,17,478,128293,1902217,8,255,121,4.3,115.8,148.6,534.7546997,324,972,300.0943154,784.1425487,13.25091782,372.5846305,1470.072412
2019,세종,377,1352,31,849,340575,2408949,11,305,,,115.2,44.7,732.4193548,,1535,110.6951479,396.9757029,9.102253542,249.2842986,766.0574029
2019,강원강릉,671,1034,26,726,213442,1957219,7,411,227,2.4,115.2,186.5,205.0690314,221,914,314.3711172,484.440738,12.18129515,340.1392416,1151.132392
2019,강원동해,243,294,9,171,90522,1960485,4,227,86,2.8,115.2,152.9,501.9518687,130,406,268.4430304,324.7829257,9.94233446,188.9043547,792.0726453
2019,강원삼척,228,314,11,127,67228,2226811,8,221,69,2.3,115.2,238.4,56.5963716,96,374,339.1444041,467.0672934,16.36223002,188.909383,1011.483311
2019,강원속초,368,528,3,287,81786,1869925,2,297,83,1,115.2,156.9,773.3900709,84,423,449.95476,645.5872643,3.668109456,350.9158047,1450.125938
2019,강원원주,789,2158,87,1302,349215,2407805,10,566,353,3.9,115.2,108.5,402.1870573,266,1749,225.9353121,617.9574188,24.9130192,372.8362184,1241.641968
2019,강원춘천,672,1342,33,879,281291,1992164,10,483,290,3.2,115.2,136.1,251.9557876,188,1313,238.8985072,477.086007,11.73162312,312.4877796,1040.203917
2019,강원태백,128,287,3,90,43866,2030476,5,154,46,0.7,115.2,211,144.5623517,61,225,291.7977477,654.2652624,6.839009711,205.1702913,1158.072311
2019,충북제천,275,723,18,386,134617,1947005,7,265,146,1.7,115.2,185.1,152.4938546,106,898,204.2832629,537.0792693,13.37126812,286.7394163,1041.473217
2019,충북청주,2291,4646,104,3429,839566,2281581,21,1269,869,2.2,115.2,89.3,892.1966823,217,4371,272.8790828,553.3811517,12.38735251,408.4253055,1247.072892
2019,충북충주,396,1161,34,833,210737,2128060,9,352,230,2.9,115.2,162.2,214.3400563,191,1450,187.9119471,550.9236631,16.13385405,395.2794241,1150.248888
2019,충남계룡,40,94,0,72,42971,1836467,1,0,35,1.8,115.2,65.3,708.0408634,24,135,93.08603477,218.7521817,0,167.5548626,479.3930791
2019,충남공주,175,464,21,372,106474,2332508,8,249,130,2.3,115.2,261.9,123.2109794,60,935,164.3593741,435.7871405,19.72312489,349.3810696,969.2507091
2019,충남논산,218,700,12,437,118842,2001884,6,268,137,1.5,115.2,237.2,213.6754288,69,1122,183.4368321,589.0173508,10.0974403,367.7151176,1150.266741
2019,충남당진,315,941,33,544,167042,2785561,9,272,201,2.3,115.2,118.4,236.7274634,123,1608,188.5753284,563.3313777,19.75551059,325.6665988,1097.328816
2019,충남보령,190,603,22,338,101114,2291921,8,257,114,2,115.2,229.6,172.2819512,82,769,187.9067191,596.3565876,21.75762011,334.2761635,1140.29709
2019,충남서산,454,985,22,467,174690,2706633,7,278,200,1.8,115.2,124.9,235.3424584,99,1417,259.8889461,563.8559734,12.59373748,267.3307001,1103.669357
2019,충남아산,990,1436,38,1298,314395,2655086,12,423,362,2.8,115.2,74.1,579.1989831,187,3227,314.890504,456.7502664,12.08670621,412.8564386,1196.583915
2019,충남천안,1613,4297,88,3328,652258,2425825,18,892,748,2.7,115.2,68.1,1025.288838,363,4690,247.2947821,658.7883935,13.49159382,510.227548,1429.802317
2019,전북군산,918,2075,14,929,270131,2217187,21,545,256,2.9,115.2,133.4,676.3758826,263,1885,339.835117,768.1458255,5.18267063,343.9072154,1457.070829
2019,전북김제,206,366,6,219,83895,2058070,12,248,88,1.3,115.2,331.7,153.6341495,39,769,245.5450265,436.2596102,7.151796889,261.0405864,949.9970201
2019,전북남원,177,398,2,205,81441,1753645,11,268,91,1.9,115.2,253.5,108.2689674,68,754,217.3352488,488.6973392,2.455765524,251.7159662,960.2043197
2019,전북익산,926,1485,12,1095,287771,2017194,19,519,278,2.9,115.2,156,568.0550346,114,2045,321.7836405,516.0353198,4.169982382,380.5108923,1222.499835
2019,전북전주,1707,3423,27,2202,654394,2032491,19,1096,654,2.5,115.2,105.9,3176.824118,306,2792,260.8520249,523.0793681,4.1259547,336.4945278,1124.551875
2019,전북정읍,229,474,10,363,110541,1881803,16,318,114,0.8,115.2,255.3,181.4229444,93,983,207.1629531,428.8001737,9.046417166,328.3849431,973.3944871
2019,전남광양,339,577,7,374,156750,2438365,8,273,157,1.7,115.2,84.9,337.234569,243,1094,216.2679426,368.1020734,4.465709729,238.5964912,827.4322169
2019,전남나주,206,436,6,369,114664,3253428,11,263,128,1,115.2,166,188.4495283,64,974,179.6553408,380.241401,5.23267983,321.8098095,886.9392311
2019,전남목포,950,1333,10,1162,229861,1796688,11,641,226,2.3,115.2,112.9,4443.475739,157,1374,413.2932511,579.9156882,4.350455275,505.522903,1503.082298
2019,전남순천,842,1204,29,782,279598,1951040,17,494,278,2.3,115.2,107.8,306.8930696,303,1410,301.1466463,430.6182448,10.37203413,279.6872653,1021.82419
2019,전남여수,1081,1306,36,921,282786,2459723,18,525,290,1.6,115.2,147.6,551.949877,382,1591,382.2678633,461.8333298,12.73047463,325.6879761,1182.519644
2019,경북경산,882,1032,19,1085,263185,2182327,8,415,291,4,115.2,131,638.9846557,100,1527,335.1254821,392.1196117,7.219256417,412.2575375,1146.721888
2019,경북경주,612,2638,43,1023,255402,2675842,22,496,287,2.1,115.2,201.8,192.7664103,231,1931,239.6222426,1032.881497,16.83620332,400.5450231,1689.884966
2019,경북구미,846,3413,31,1530,419742,2431018,17,658,432,4.9,115.2,56.8,681.8199539,315,2141,201.5523822,813.1185347,7.385489181,364.5096273,1386.566033
2019,경북김천,416,614,19,416,141229,2560373,14,287,145,2.8,115.2,188.7,139.8210025,129,871,294.5570669,434.7549016,13.45332757,294.5570669,1037.322363
2019,경북문경,178,267,16,169,72242,1848459,8,193,75,2.8,115.2,308.9,79.20663984,105,516,246.3940644,369.5910966,22.14778107,233.9359375,872.0688796
2019,경북상주,190,393,23,287,100688,1807993,13,242,115,2,115.2,326.3,80.24866502,68,777,188.7017321,390.3146353,22.84284125,285.0389321,886.8981408
2019,경북안동,416,861,37,459,160052,1917077,17,365,174,2.3,115.2,212.3,105.1389683,228,887,259.9155275,537.9501662,23.11748682,286.7817959,1107.764976
2019,경북영주,196,507,27,240,105067,1925399,8,227,108,2.1,115.2,250.7,156.7766388,138,636,186.5476315,482.5492305,25.69788801,228.4256712,923.2204213
2019,경북영천,242,513,11,358,102470,2298754,12,233,122,1.8,115.2,300.2,111.4773716,78,781,236.1666829,500.634332,10.73484922,349.3705475,1096.906412
2019,경북포항,1308,3016,36,2002,507025,2672835,28,878,529,3.2,115.2,127.4,448.4050127,349,2253,257.975445,594.8424634,7.100241605,394.8523248,1254.770475
2019,경남거제,675,1397,38,822,248276,2691207,9,382,250,5.7,115.2,56,614.7271467,372,1808,271.874849,562.680243,15.30554705,331.0831494,1180.943788
2019,경남김해,1691,4316,123,2205,542455,2293495,14,789,541,4,115.2,69.7,1170.218962,639,3683,311.730927,795.6420348,22.67469191,406.4853306,1536.532984
2019,경남밀양,143,621,37,300,105552,2023971,10,226,111,3.2,115.2,286.1,132.1530969,102,729,135.4782477,588.3356071,35.05381234,284.2201,1043.087767
2019,경남사천,318,626,33,273,111925,2446418,8,232,121,3.3,115.2,166.8,280.6403891,174,738,284.1188296,559.3031048,29.48402948,243.9133348,1116.819299
2019,경남양산,896,1899,39,1278,350759,2365898,12,423,347,3.9,115.2,83.2,722.1721227,336,2154,255.446047,541.3973697,11.11874535,364.3527322,1172.314894
2019,경남진주,765,1856,68,1605,347334,2278787,13,521,352,3,115.2,119.2,487.2059587,274,1853,220.2490974,534.3559801,19.57769755,462.0912436,1236.274019
2019,경남창원,2763,6456,181,3699,1044740,2472842,33,759,1064,4.3,115.2,102.1,1394.399658,1966,5429,264.4677145,617.9527921,17.32488466,354.0593832,1253.804774
2019,경남통영,374,1176,18,466,131404,1862102,8,252,126,5.5,115.2,132.9,547.7220624,325,952,284.6184287,894.9499254,13.69821314,354.6315181,1547.898085
2018,세종,301,1040,21,588,314126,2262502,11,308,,,114.7,44,675.5397849,,1397,95.82142198,331.0773384,6.685215487,187.1860336,620.7700095
2018,경기고양,3056,4794,93,2262,1056853,1976996,18,545,970,3.8,114.7,93.9,3941.275406,103,4981,289.1603657,453.6108617,8.799710083,214.0316581,965.6025956
2018,경기과천,122,248,1,175,58325,2452834,2,187,47,4.6,114.7,102.2,1626.010594,4,149,209.172739,425.2036005,1.714530647,300.0428633,936.1337334
2018,경기광명,980,1321,26,1027,333114,2160589,6,492,321,4.3,114.7,87.5,8647.819315,189,2389,294.1935794,396.5609371,7.805135779,308.3028633,1006.862516
2018,경기광주,1122,1592,17,812,376819,2151478,9,440,381,3.3,114.7,80.6,874.3103088,35,2822,297.7556864,422.4840043,4.511449794,215.4880725,940.239213
2018,경기구리,967,896,9,833,204977,1859065,5,369,195,3.4,114.7,88,6148.080384,193,910,471.7602463,437.1222137,4.390736522,406.3870581,1319.660255
2018,경기군포,712,1026,15,658,283876,2183019,5,403,274,4.6,114.7,86.1,7794.508512,103,2148,250.8137356,361.4254111,5.283997238,231.7913455,849.3144894
2018,경기김포,1181,2027,24,1010,443019,2240729,12,509,395,4,114.7,64.4,1601.659436,96,3306,266.5799887,457.542453,5.417374876,227.9811927,957.5210093
2018,경기남양주,1694,2058,39,1274,688965,1883134,17,740,592,4,114.7,82.5,1503.896359,111,3169,245.8760605,298.708933,5.66066491,184.9150537,735.1607121
2018,경기동두천,331,660,17,329,99566,1841616,5,225,92,4.8,114.7,150.3,1040.614548,179,958,332.4428018,662.8768857,17.0741016,330.4340839,1342.827873
2018,경기부천,2859,5505,59,3715,868106,2017712,14,1506,863,4.6,114.7,96.5,16238.42125,502,8463,329.3376615,634.1391489,6.796405047,427.9431314,1398.216347
2018,경기성남,3007,4114,70,3126,972280,2678404,23,1019,940,4.8,114.7,101.4,6864.929747,330,5609,309.2730489,423.1291398,7.19957214,321.5123216,1061.114082
2018,경기수원,4658,6813,98,5381,1242212,2746762,23,1862,1233,4.4,114.7,69.1,10257.73741,375,9098,374.976252,548.4571072,7.889152576,433.1788777,1364.501389
2018,경기시흥,1551,2598,68,1714,483327,2397567,12,751,483,4.4,114.7,56.3,3454.062746,287,7180,320.9007566,537.5242848,14.06914987,354.6253365,1227.119528
2018,경기안산,2664,3918,94,3025,717130,2392167,22,1319,746,4.7,114.7,78.6,4583.178884,429,10984,371.4807636,546.3444564,13.10780472,421.8203115,1352.753336
2018,경기안성,628,903,28,620,194954,2385263,10,338,221,2.6,114.7,120.2,352.2395071,83,1710,322.127271,463.1861875,14.3623624,318.0237389,1117.69956
2018,경기안양,1877,2619,90,1662,584239,2360169,10,912,570,5.4,114.7,95.2,9986.991453,393,2817,321.2726299,448.2754489,15.4046546,284.4726216,1069.425355
2018,경기양주,797,1030,22,475,224250,2029303,27,325,201,4.3,114.7,101,722.2222222,72,1669,355.4069119,459.3088071,9.810479376,211.8171683,1036.343367
2018,경기여주,337,542,13,414,115074,2056349,11,273,115,2.3,114.7,167,189.2073201,42,758,292.8550324,471.0012687,11.2970784,359.7684968,1134.921876
2018,경기오산,896,920,6,870,229520,2091623,4,345,231,4,114.7,47.8,5376.434762,135,2725,390.3799233,400.8365284,2.614151272,379.0519345,1172.882537
2018,경기용인,1919,3224,64,2201,1053522,2480416,22,1049,943,3.9,114.7,76,1781.885529,196,4615,182.1509185,306.0211367,6.074861275,208.918276,703.1651926
2018,경기의왕,280,556,10,216,155084,2260217,4,233,152,4.1,114.7,100.3,2870.331297,16,551,180.5473163,358.5153852,6.448118439,139.2793583,684.7901782
2018,경기의정부,2134,2290,63,1723,451542,1742987,7,762,413,4.6,114.7,108,5536.995708,273,2289,472.6027701,507.1510513,13.95219049,381.5813368,1375.287349
2018,경기이천,892,963,36,781,221585,2893320,13,375,240,2.2,114.7,86.8,480.0472281,110,1430,402.5543245,434.5962046,16.24658709,352.460681,1205.857797
2018,경기파주,1025,2296,43,1112,463122,2155460,13,581,439,3,114.7,80.6,687.2571861,138,2960,221.3239708,495.7656946,9.284810482,240.1095176,966.4839934
2018,경기평택,2182,3686,104,2060,518672,2604783,16,823,500,3.3,114.7,77.5,1131.039295,666,5073,420.6897615,710.6610729,20.0512077,397.1681525,1548.570195
2018,경기포천,518,971,42,563,163474,2115007,14,372,177,3,114.7,157.6,197.6161406,154,1658,316.869961,593.9782473,25.692159,344.3972742,1280.937641
2018,경기하남,500,634,9,546,256760,2082985,6,278,242,3.3,114.7,75.6,2761.454076,38,1100,194.7343823,246.9231968,3.505218881,212.6499455,657.8127434
2018,경기화성,1896,2904,58,1935,798100,2669953,17,869,781,4,114.7,42.5,1138.890078,262,5832,237.564215,363.8641774,7.267259742,242.4508207,851.1464729
2018,강원강릉,834,904,4,658,212957,1879834,7,408,219,2.3,114.7,174,204.6030572,223,811,391.6283569,424.4988425,1.878313462,308.9825646,1126.988077
2018,강원동해,271,287,2,168,91272,1882971,4,227,88,2.6,114.7,139.4,506.1106798,127,365,296.9147165,314.4447366,2.19125252,184.0652117,797.6159173
2018,강원삼척,287,291,4,224,68326,2138766,8,220,69,2.7,114.7,223.7,57.52073073,97,353,420.045078,425.8993648,5.854286802,327.8400609,1179.638791
2018,강원속초,423,439,6,228,81682,1795991,2,296,79,0.8,114.7,142.3,772.4066194,91,384,517.8619524,537.4501114,7.345559609,279.1312652,1341.788889
2018,강원원주,1143,1841,64,1065,344070,2312604,10,569,349,3.6,114.7,101.7,396.2616177,271,1638,332.1998431,535.065539,18.6008661,309.5300375,1195.396286
2018,강원춘천,653,1206,36,878,280640,1913397,10,481,283,2.6,114.7,127.4,251.372679,194,1228,232.6824401,429.732041,12.82782212,312.8563284,988.0986317
2018,강원태백,120,113,5,77,44858,1950194,5,152,46,0.2,114.7,191.1,147.8315318,62,220,267.5108119,251.9060145,11.14628383,171.652771,702.2158812
2018,충북제천,281,608,13,308,135386,1872923,7,264,144,1.8,114.7,171.5,153.3649762,108,854,207.5546955,449.0863162,9.602174523,227.4976733,893.7408595
2018,충북청주,2548,4282,118,3333,837749,2194768,21,1261,856,3.3,114.7,82.8,890.2657783,217,4120,304.1483786,511.1316158,14.08536447,397.8518626,1227.217221
2018,충북충주,408,937,30,769,210504,2047089,9,351,227,2.3,114.7,151.8,214.1030727,192,1358,193.820545,445.122183,14.25151066,365.3137233,1018.507962
2018,충남계룡,36,105,1,60,43731,1767242,1,0,34,1.9,114.7,57.4,720.5635195,24,129,82.32146532,240.1042739,2.28670737,137.2024422,461.9148888
2018,충남공주,190,467,17,371,107581,2244585,8,248,130,1.3,114.7,245.9,124.4919922,62,873,176.6111116,434.0915217,15.80204683,344.8564338,971.361114
2018,충남논산,295,678,8,460,120230,1926424,6,265,137,2.1,114.7,221.5,216.1710238,71,1053,245.3630541,563.919155,6.653913333,382.6000166,1198.536139
2018,충남당진,330,877,40,573,167770,2680560,9,270,198,2,114.7,112.1,237.7591656,126,1521,196.6978602,522.7394647,23.84216487,341.5390117,1084.818502
2018,충남보령,155,609,15,278,101990,2205528,8,254,114,1.8,114.7,211.9,173.774514,81,741,151.9756839,597.1173644,14.70732425,272.5757427,1036.376115
2018,충남서산,494,841,15,595,174162,2604607,7,275,190,1.6,114.7,118.2,234.6311365,100,1263,283.6439637,482.8837519,8.612670962,341.6359481,1116.776335
2018,충남아산,1052,1466,26,1164,312822,2555003,12,422,351,2.8,114.7,69.3,576.3010998,188,3002,336.2934832,468.6371163,8.311435896,372.0965917,1185.338627
2018,충남천안,2094,4041,68,3252,646075,2334384,18,877,709,3.2,114.7,63.8,1015.569738,377,4434,324.1109778,625.4691793,10.52509384,503.3471346,1463.452386
2018,전북군산,824,2141,9,1025,272645,2132924,21,541,246,3.7,114.7,122.2,682.6706395,261,1794,302.2245044,785.2702232,3.3009958,375.9467439,1466.742467
2018,전북김제,232,305,1,161,85331,1979854,12,246,87,1.3,114.7,312.4,156.263849,40,723,271.8824343,357.4316485,1.171907044,188.6770341,819.163024
2018,전북남원,189,367,5,248,82554,1686999,11,262,89,2.2,114.7,237.6,109.7486074,77,715,228.9410568,444.5575018,6.056641713,300.409429,979.9646292
2018,전북익산,954,1496,10,979,294062,1940532,19,516,278,1.8,114.7,141.7,580.4733611,114,2012,324.4213805,508.7362529,3.400643402,332.922989,1169.481266
2018,전북전주,1647,3058,20,2212,651091,1955247,19,1094,613,2.6,114.7,99.2,3160.789359,312,2647,252.9600317,469.67321,3.071767234,339.7374561,1065.442465
2018,전북정읍,235,463,5,311,112169,1810286,16,317,113,1.4,114.7,236.9,184.094863,95,952,209.5053,412.7700167,4.457559575,277.2602056,903.9930819
2018,전남광양,357,643,3,321,156564,2333251,8,273,154,2.6,114.7,78.9,336.8344055,240,1052,228.0217675,410.694668,1.916149306,205.0279758,845.6605605
2018,전남나주,214,389,4,305,113839,3113178,11,263,121,2.3,114.7,161.2,187.0936463,63,908,187.9847855,341.7106615,3.513734309,267.9222411,801.1314224
2018,전남목포,1009,1747,12,994,232327,1719236,11,643,217,2.2,114.7,105.9,4491.146337,159,1315,434.3016524,751.9573704,5.165133626,427.8452354,1619.269392
2018,전남순천,737,1794,14,740,279389,1866934,17,497,270,2.5,114.7,101.8,306.6636665,308,1320,263.789913,642.1154734,5.010934575,264.8636847,1175.780006
2018,전남여수,1216,1129,26,809,283300,2353688,18,526,281,1.6,114.7,136.2,552.9531171,383,1495,429.2269679,398.5174726,9.1775503,285.5630074,1122.484998
2018,경북경산,818,862,23,981,261093,2111205,8,410,284,3.6,114.7,122.1,633.9055065,99,1446,313.2983266,330.1505594,8.809121654,375.7281888,1027.986196
2018,경북경주,514,1932,22,832,256864,2588636,22,500,284,1.7,114.7,187,193.8698648,234,1805,200.1058926,752.1489971,8.564843653,323.9068145,1284.726548
2018,경북구미,884,2818,14,1360,421494,2351791,17,659,443,4.9,114.7,52.4,684.6658653,333,2026,209.7301504,668.5741671,3.321518219,322.6617698,1204.287606
2018,경북김천,306,576,15,366,141104,2476930,14,286,143,2.4,114.7,180.2,139.6972487,126,789,216.8613221,408.2095476,10.63045697,259.38315,895.0844767
2018,경북문경,160,219,17,142,71874,1788218,8,192,72,3.1,114.7,293,78.80316204,108,478,222.6117929,304.6998915,23.65250299,197.5679662,748.5321535
2018,경북상주,149,316,32,245,100297,1749071,13,242,111,2,114.7,306.8,79.93703674,69,757,148.5587804,315.0642592,31.90524143,244.2745047,739.8027857
2018,경북안동,404,818,41,408,162180,1854599,17,361,173,2.1,114.7,197.4,106.5368622,229,841,249.1059317,504.3778518,25.28055247,251.572327,1030.336663
2018,경북영주,166,463,3,194,106801,1862650,8,227,110,2.1,114.7,230.1,159.364042,141,609,155.4292563,433.5165401,2.808962463,181.6462393,773.4009981
2018,경북영천,252,524,9,364,101595,2223838,12,233,117,1.5,114.7,292.3,110.5254569,77,730,248.0437029,515.773414,8.858703676,358.2853487,1130.961169
2018,경북포항,1234,2941,33,1702,510013,2585727,28,875,522,2.7,114.7,116.7,451.0475534,402,2153,241.9546168,576.6519677,6.470423303,333.7169837,1158.793992
2018,경남거제,508,1303,20,795,250516,2607185,9,377,240,7.1,114.7,50.9,620.2733485,385,1701,202.7814591,520.126459,7.983522011,317.3449999,1048.23644
2018,경남김해,1641,3048,142,2408,533672,2221890,14,783,540,3.9,114.7,64.7,1151.271707,641,3405,307.4922424,571.1373278,26.60810385,451.2134794,1356.451154
2018,경남밀양,144,515,40,246,106744,1960781,10,222,108,2.2,114.7,265.6,133.6455034,103,667,134.9021959,482.4627145,37.4728322,230.457918,885.2956606
2018,경남사천,253,524,25,206,113888,2370039,8,229,121,2.7,114.7,151,285.5624091,173,700,222.1480753,460.101152,21.95139084,180.8794605,885.0800787
2018,경남양산,628,1841,30,984,348639,2292033,12,416,332,4.6,114.7,76.8,717.8072884,327,2036,180.129016,528.0533733,8.604889298,282.240369,999.0276475
2018,경남진주,820,1710,80,1723,345987,2207642,13,521,346,3.1,114.7,112.4,485.3165196,276,1754,237.0031244,494.2382228,23.12225604,497.9955894,1252.359193
2018,경남창원,2882,5522,126,3377,1053601,2395638,33,768,1051,3.7,114.7,93,1406.226309,2003,5202,273.5380851,524.1073234,11.95898637,320.5198173,1130.124212
2018,경남통영,376,930,17,412,133720,1803966,8,247,120,6.1,114.7,121.4,557.3756825,333,932,281.1845648,695.483099,12.71313192,308.1064912,1297.487287
